{"stats":{"minecraft:killed_by":{"alexsmobs:bison":1},"minecraft:used":{"minecraft:cooked_mutton":1,"minecraft:leather_leggings":1,"minecraft:stone_pickaxe":15,"minecraft:leather_chestplate":1,"minecraft:spruce_planks":51,"minecraft:wooden_pickaxe":3,"minecraft:blue_bed":1,"minecraft:stone_hoe":16,"minecraft:torch":2,"minecraft:dirt":2,"minecraft:crafting_table":1,"some_assembly_required:sandwich":8,"minecraft:spruce_log":6,"variantvanillablocks:spruce_crafting_table":1,"minecraft:wooden_axe":116,"quark:spruce_chest":4,"minecraft:stone_axe":149,"minecraft:sweet_berries":15,"minecraft:cooked_beef":3,"minecraft:potato":11},"minecraft:picked_up":{"minecraft:wooden_axe":1,"minecraft:crafting_table":1,"minecraft:feather":1,"minecraft:cooked_beef":3,"minecraft:chicken":2,"minecraft:leather":5,"minecraft:potato":23,"alexsmobs:bear_fur":1,"biomesoplenty:fir_log":1,"minecraft:oak_log":11,"minecraft:blue_bed":1,"minecraft:dirt":10,"minecraft:white_banner":1,"minecraft:raw_copper":29,"variantvanillablocks:spruce_crafting_table":1,"minecraft:cooked_mutton":1,"minecraft:apple":1,"minecraft:spruce_planks":52,"minecraft:beef":8,"minecraft:poppy":1,"minecraft:light_gray_wool":1,"minecraft:stick":36,"alexsmobs:bear_dust":1,"minecraft:sweet_berries":9,"minecraft:torch":2,"minecraft:spruce_sapling":49,"minecraft:spruce_log":144,"some_assembly_required:sandwich":6,"minecraft:bone_meal":1,"born_in_chaos_v1:rotten_fish":4,"minecraft:oak_sapling":13,"minecraft:mutton":4,"minecraft:coal":62,"minecraft:white_wool":2,"minecraft:cobblestone":16},"minecraft:mined":{"minecraft:spruce_planks":8,"minecraft:crafting_table":1,"minecraft:grass_block":4,"minecraft:rose_bush":1,"biomesoplenty:sprout":38,"minecraft:spruce_leaves":4,"minecraft:wall_torch":2,"minecraft:blue_bed":1,"minecraft:spruce_log":144,"biomesoplenty:fir_log":1,"minecraft:grass":14,"minecraft:potatoes":1,"minecraft:oak_log":11,"variantvanillablocks:spruce_crafting_table":1,"minecraft:dirt":12,"minecraft:stone":15,"minecraft:oak_leaves":29},"minecraft:custom":{"minecraft:interact_with_furnace":1,"minecraft:mob_kills":12,"minecraft:interact_with_crafting_table":10,"minecraft:interact_with_campfire":4,"minecraft:leave_game":5,"minecraft:time_since_death":35043,"minecraft:sleep_in_bed":4,"minecraft:time_since_rest":826,"minecraft:sprint_one_cm":331385,"minecraft:walk_one_cm":331276,"minecraft:damage_taken":533,"minecraft:drop":20,"minecraft:damage_dealt":1711,"minecraft:swim_one_cm":4456,"minecraft:fly_one_cm":326428,"minecraft:open_chest":7,"minecraft:crouch_one_cm":769,"minecraft:play_time":109342,"minecraft:deaths":1,"minecraft:sneak_time":1050,"minecraft:walk_under_water_one_cm":942,"minecraft:jump":923,"minecraft:walk_on_water_one_cm":4042,"minecraft:total_world_time":109342,"minecraft:fall_one_cm":16074},"minecraft:crafted":{"minecraft:oak_planks":12,"variantvanillablocks:spruce_crafting_table":1,"minecraft:spruce_planks":96,"minecraft:wooden_pickaxe":1,"minecraft:stone_axe":1,"minecraft:stick":20,"minecraft:stone_pickaxe":1,"minecraft:wooden_axe":2,"quark:spruce_chest":4,"minecraft:torch":12,"minecraft:stone_hoe":1},"minecraft:killed":{"alexsmobs:grizzly_bear":1,"minecraft:sheep":3,"minecraft:pillager":1,"minecraft:chicken":2,"born_in_chaos_v1:corpse_fish":2,"minecraft:cow":3},"minecraft:dropped":{"born_in_chaos_v1:rotten_fish":4,"minecraft:chicken":2,"variantvanillablocks:spruce_crafting_table":1,"minecraft:stick":4,"minecraft:potato":10,"minecraft:spruce_planks":24,"minecraft:wooden_axe":1,"minecraft:spruce_log":1},"minecraft:broken":{"minecraft:stone_axe":1,"minecraft:wooden_axe":1}},"DataVersion":3465}