{"stats":{"minecraft:broken":{"minecraft:iron_chestplate":1,"minecraft:diamond_pickaxe":1,"minecraft:stone_sword":1,"minecraft:iron_axe":1,"minecraft:iron_pickaxe":9,"minecraft:iron_helmet":1,"minecraft:stone_pickaxe":2,"minecraft:stone_axe":1,"minecraft:wooden_axe":1,"wom:iron_staff":1},"minecraft:picked_up":{"minecraft:wooden_axe":1,"quark:hollow_spruce_log":4,"minecraft:prismarine_shard":2,"minecraft:lead":11,"minecraft:stone_slab":1,"minecraft:enchanted_book":1,"minecraft:brewing_stand":4,"minecraft:amethyst_block":1,"farmersdelight:cutting_board":4,"minecraft:string":17,"minecraft:gold_nugget":180,"minecraft:cobbled_deepslate":634,"bosses_of_mass_destruction:soul_star":1,"minecraft:spruce_planks":96,"minecraft:sheaf_pottery_sherd":1,"minecraft:composter":10,"minecraft:big_dripleaf":6,"minecraft:farmland":2,"create:andesite_casing":12,"minecraft:cherry_log":3,"born_in_chaos_v1:black_argillite_brick_stairs":1,"minecraft:stone_sword":3,"biomesoplenty:rose_quartz_chunk":1,"farmersdelight:onion":28,"create:ochrum":12,"minecraft:red_tulip":1,"supplementaries:ash":41,"variantvanillablocks:spruce_smithing_table":1,"minecraft:snowball":4,"minecraft:feather":10,"minecraft:cooked_beef":5,"farmersdelight:rice":8,"minecraft:jungle_log":4,"biomesoplenty:fir_sapling":9,"biomesoplenty:fir_log":85,"alexsmobs:bison_fur":1,"minecraft:flint":5,"born_in_chaos_v1:black_argillite_button":3,"minecraft:magenta_bed":3,"born_in_chaos_v1:marigolds":1,"create:shaft":1,"tacz:gun_smith_table":1,"minecraft:moss_block":13,"aquaculture:gar":1,"farmersdelight:spruce_cabinet":3,"minecraft:stripped_spruce_log":1,"minecraft:dark_oak_log":135,"alexsmobs:animal_dictionary":2,"minecraft:deepslate":18,"minecraft:angler_pottery_sherd":1,"minecraft:granite":2,"minecraft:bread":3,"born_in_chaos_v1:rotten_fish":16,"minecraft:crimson_roots":3,"minecraft:diamond_pickaxe":1,"minecraft:spruce_leaves":2,"minecraft:shelter_pottery_sherd":2,"minecraft:crafting_table":2,"minecraft:clay_ball":70,"minecraft:leather_leggings":1,"born_in_chaos_v1:intoxicating_decoction":2,"tacz:ammo":676,"born_in_chaos_v1:black_argillite_brick":1,"minecraft:cracked_stone_bricks":1,"quark:spruce_chest":8,"minecraft:beef":24,"born_in_chaos_v1:gnawed_bones":1,"minecraft:iron_nugget":10,"minecraft:poppy":2,"minecraft:minecart":9,"minecraft:diamond_hoe":2,"minecraft:egg":8,"minecraft:stone":14,"minecraft:spruce_fence":3,"farmersdelight:tomato_seeds":2,"born_in_chaos_v1:pieceofdarkmetal":9,"minecraft:redstone":99,"create:brass_casing":1,"minecraft:prismarine_crystals":1,"create:vertical_gearbox":1,"minecraft:stone_shovel":18,"minecraft:decorated_pot":1,"aquaculture:brown_trout":1,"artifacts:snowshoes":1,"create:depot":4,"aquaculture:carp":1,"minecraft:gold_ingot":1,"minecraft:mutton":11,"minecraft:rail":103,"minecraft:white_wool":11,"minecraft:bone_block":9,"born_in_chaos_v1:monster_flesh":7,"minecraft:red_mushroom":1,"minecraft:oak_log":18,"farmersdelight:stuffed_pumpkin":4,"quark:limestone":4,"minecraft:blue_bed":14,"minecraft:white_banner":2,"biomesoplenty:glowing_moss_carpet":4,"farmersdelight:organic_compost":5,"minecraft:stone_bricks":2,"minecraft:apple":12,"farmersdelight:cooking_pot":1,"minecraft:kelp":9,"minecraft:cobweb":12,"minecraft:glass_bottle":2,"minecraft:flowering_azalea":4,"aquaculture:smallmouth_bass":1,"epicfight:stone_greatsword":2,"minecraft:sweet_berries":145,"born_in_chaos_v1:ethereal_spirit":6,"minecraft:gravel":70,"minecraft:spruce_sapling":227,"minecraft:spruce_log":689,"quark:blue_corundum_cluster":2,"create:gearbox":2,"travelersbackpack:wolf":2,"minecraft:slime_ball":7,"minecraft:snort_pottery_sherd":1,"born_in_chaos_v1:black_argillite_brick_slab":6,"born_in_chaos_v1:pile_of_skulls":1,"minecraft:stone_axe":1,"tacz:modern_kinetic_gun":3,"minecraft:baked_potato":42,"quark:blue_corundum":1,"minecraft:wheat":63,"minecraft:potion":3,"born_in_chaos_v1:black_argillite":1,"aquaculture:muskellunge":2,"minecraft:raw_copper":807,"connectedglass:borderless_glass":8,"alexsmobs:blood_sac":1,"minecraft:red_sand":2,"create:mechanical_press":5,"farmersdelight:cabbage":1,"minecraft:bucket":1,"minecraft:white_tulip":1,"minecraft:rose_bush":12,"minecraft:calcite":1,"minecraft:azalea":4,"minecraft:iron_pickaxe":3,"born_in_chaos_v1:stimulating_decoction":5,"farmersdelight:cabbage_seeds":5,"minecraft:furnace":2,"minecraft:stick":164,"create:mechanical_mixer":4,"minecraft:torch":166,"epicfight:skillbook":8,"minecraft:porkchop":14,"tombstone:grave_dust":1,"supplementaries:flax":11,"create:large_cogwheel":6,"minecraft:rotten_flesh":110,"minecraft:obsidian":12,"minecraft:cod":7,"minecraft:cobblestone":1826,"minecraft:nautilus_shell":1,"minecraft:leather_chestplate":1,"minecraft:lilac":28,"minecraft:andesite":401,"biomesoplenty:glowshroom":3,"minecraft:potato":640,"alexsmobs:bear_fur":2,"create:raw_zinc":158,"minecraft:tuff":54,"supplementaries:flax_seeds":32,"artifacts:flame_pendant":1,"minecraft:lapis_lazuli":159,"minecraft:dirt":278,"born_in_chaos_v1:monster_skin":3,"minecraft:glass":1,"minecraft:bone":91,"minecraft:bow":1,"minecraft:orange_tulip":2,"minecraft:wheat_seeds":157,"aquamirae:wisteria_niveis":1,"minecraft:raw_gold":59,"minecraft:mossy_stone_bricks":2,"minecraft:stone_hoe":1,"aquaculture:atlantic_herring":1,"biomesoplenty:toadstool":2,"create_connected:music_disc_interlude":2,"minecraft:cooked_porkchop":6,"create:cogwheel":12,"minecraft:poisonous_potato":6,"cfm:magenta_kitchen_counter":15,"minecraft:grass_block":3,"minecraft:lily_of_the_valley":2,"some_assembly_required:sandwich":9,"minecraft:clay":1,"born_in_chaos_v1:fire_dust":10,"minecraft:diamond":38,"minecraft:spruce_boat":3,"minecraft:crossbow":2,"minecraft:bone_meal":40,"minecraft:golden_apple":2,"minecraft:spruce_sign":1,"minecraft:emerald":7,"minecraft:oak_sapling":28,"minecraft:netherrack":40,"minecraft:oak_leaves":6,"minecraft:charcoal":6,"minecraft:allium":59,"minecraft:azure_bluet":4,"minecraft:chicken":8,"minecraft:brown_mushroom":20,"minecraft:wooden_pickaxe":1,"create:rotation_speed_controller":1,"minecraft:stone_brick_wall":3,"minecraft:gold_block":1,"minecraft:brick":3,"minecraft:shield":1,"minecraft:moss_carpet":7,"minecraft:iron_axe":6,"variantvanillablocks:spruce_crafting_table":11,"minecraft:blackstone":28,"aquaculture:bluegill":3,"create:basin":5,"minecraft:light_gray_wool":2,"minecraft:sugar_cane":49,"minecraft:spruce_trapdoor":3,"minecraft:dark_oak_sapling":99,"minecraft:raw_iron":273,"minecraft:copper_ingot":49,"aquaculture:perch":3,"create:hand_crank":10,"minecraft:trident":1,"create:zinc_ingot":1,"create:deployer":2,"cfm:magenta_kitchen_drawer":4,"minecraft:arrow":41,"alexscaves:spelunkery_table":1,"minecraft:pink_tulip":1,"born_in_chaos_v1:fused_bone":12,"born_in_chaos_v1:corpse_maggot":36,"farmersdelight:rich_soil":6,"minecraft:air":0,"minecraft:glow_ink_sac":8,"minecraft:salmon":3,"minecraft:leather":7,"create:andesite_alloy":3,"create:blaze_burner":1,"minecraft:gunpowder":30,"minecraft:cobblestone_stairs":10,"minecraft:cooked_mutton":7,"minecraft:iron_ingot":21,"born_in_chaos_v1:chipped_black_argillite_brick":1,"minecraft:cooked_chicken":4,"variantvanillablocks:dark_oak_fletching_table":2,"aquaculture:minnow":5,"create:large_water_wheel":4,"alexsmobs:bear_dust":2,"minecraft:stone_brick_slab":1,"minecraft:quartz":64,"minecraft:dandelion":2,"minecraft:dripstone_block":7,"minecraft:amethyst_shard":4,"minecraft:white_bed":4,"biomesoplenty:glowing_moss_block":3,"minecraft:spider_eye":6,"minecraft:spruce_door":13,"create:brass_ingot":10,"minecraft:black_wool":1,"farmersdelight:stove":1,"minecraft:coal":410,"minecraft:sunflower":12},"minecraft:dropped":{"minecraft:cooked_beef":2,"quark:blue_corundum":1,"minecraft:glow_ink_sac":3,"born_in_chaos_v1:fried_maggot":2,"minecraft:glow_berries":3,"minecraft:cracked_stone_bricks":1,"minecraft:leather_helmet":1,"born_in_chaos_v1:monster_flesh":1,"minecraft:iron_pickaxe":4,"minecraft:white_wool":6,"minecraft:blue_bed":1,"minecraft:bone":16,"minecraft:cooked_chicken":4,"minecraft:iron_nugget":5,"minecraft:cobbled_deepslate":13,"minecraft:rotten_flesh":37,"supplementaries:flax_seeds":1,"minecraft:charcoal":2,"minecraft:leather_leggings":1,"born_in_chaos_v1:marigolds":1,"biomesoplenty:tall_lavender":1,"minecraft:iron_ingot":5,"minecraft:wheat_seeds":10,"minecraft:cobblestone":270,"minecraft:prismarine_crystals":1,"minecraft:granite":2,"minecraft:cobweb":12,"minecraft:wooden_axe":1,"aquaculture:atlantic_herring":1,"minecraft:potion":3,"minecraft:stone_brick_slab":1,"quark:blue_corundum_cluster":2,"minecraft:bowl":4,"minecraft:diamond_hoe":8,"minecraft:stone_shovel":28,"born_in_chaos_v1:rotten_fish":15,"minecraft:chicken":2,"minecraft:potato":74,"minecraft:spruce_planks":26,"create:zinc_ingot":4,"minecraft:diamond_pickaxe":1,"tacz:ammo":180,"minecraft:diamond_axe":1,"minecraft:baked_potato":94,"minecraft:leather":3,"aquaculture:minnow":1,"minecraft:crimson_roots":3,"biomesoplenty:glowflower":10,"minecraft:gold_ingot":3,"variantvanillablocks:spruce_crafting_table":1,"minecraft:leather_chestplate":1,"born_in_chaos_v1:chipped_black_argillite_brick":1,"aquaculture:bluegill":1,"born_in_chaos_v1:corpse_maggot":1,"create:brass_ingot":12,"minecraft:arrow":2,"minecraft:oak_leaves":3,"create:andesite_alloy":3,"minecraft:bread":9,"minecraft:lead":4,"born_in_chaos_v1:black_argillite_brick_slab":4,"minecraft:copper_ingot":5,"minecraft:stick":5,"minecraft:magenta_bed":1,"minecraft:torch":32,"born_in_chaos_v1:fused_bone":4,"tacz:modern_kinetic_gun":1,"epicfight:stone_greatsword":1,"minecraft:iron_axe":12,"minecraft:kelp":4,"minecraft:sweet_berries":35,"born_in_chaos_v1:black_argillite_button":3,"minecraft:spruce_log":2,"minecraft:wooden_pickaxe":1,"minecraft:brick":3,"biomesoplenty:fir_log":1},"minecraft:custom":{"minecraft:interact_with_crafting_table":116,"minecraft:open_barrel":42,"minecraft:leave_game":48,"minecraft:time_since_death":12928,"minecraft:play_time":1015899,"minecraft:deaths":33,"minecraft:jump":12312,"minecraft:interact_with_furnace":102,"minecraft:traded_with_villager":181,"minecraft:interact_with_cartography_table":1,"minecraft:sleep_in_bed":52,"minecraft:damage_dealt":37240,"tombstone:undead_killed":1,"minecraft:damage_dealt_absorbed":20,"minecraft:sneak_time":53324,"minecraft:interact_with_blast_furnace":3,"minecraft:total_world_time":1015899,"minecraft:time_since_rest":12429,"minecraft:swim_one_cm":359070,"minecraft:fly_one_cm":4598914,"minecraft:open_chest":478,"minecraft:fish_caught":21,"minecraft:fall_one_cm":225105,"minecraft:animals_bred":4,"minecraft:sprint_one_cm":4609460,"minecraft:drop":245,"minecraft:talked_to_villager":57,"minecraft:walk_on_water_one_cm":147554,"minecraft:interact_with_loom":2,"minecraft:player_kills":6,"minecraft:crouch_one_cm":166431,"minecraft:mob_kills":294,"minecraft:interact_with_campfire":4,"minecraft:damage_dealt_resisted":5000,"minecraft:climb_one_cm":3238,"minecraft:walk_one_cm":4045737,"minecraft:walk_under_water_one_cm":168960,"minecraft:boat_one_cm":483167,"minecraft:pot_flower":1,"minecraft:damage_taken":18062,"minecraft:damage_absorbed":40},"minecraft:mined":{"minecraft:white_bed":3,"create:andesite_casing":12,"minecraft:obsidian":12,"minecraft:granite":1,"minecraft:red_sand":2,"born_in_chaos_v1:dark_metal_deposit":2,"minecraft:stone_brick_wall":3,"create:rotation_speed_controller":1,"tacz:gun_smith_table":1,"minecraft:magma_block":1,"minecraft:fire":8,"minecraft:cobbled_deepslate":11,"minecraft:moss_carpet":1,"minecraft:cave_vines":1,"minecraft:dirt_path":10,"minecraft:oak_stairs":1,"quark:limestone":4,"create:limestone":1,"bushierflowers:grown_poppy":1,"create:mechanical_press":5,"create:cogwheel":12,"supplementaries:fodder":1,"minecraft:brown_mushroom":4,"minecraft:kelp_plant":1,"minecraft:soul_fire":1,"minecraft:amethyst_cluster":1,"minecraft:torch":48,"minecraft:sugar_cane":19,"minecraft:amethyst_block":1,"create:basin":5,"biomesoplenty:glowworm_silk_strand":1,"minecraft:wheat":50,"minecraft:lilac":16,"minecraft:magenta_bed":3,"create:mechanical_mixer":4,"biomesoplenty:large_rose_quartz_bud":2,"born_in_chaos_v1:black_argillite_brick":1,"minecraft:grass":44,"create:hand_crank":2,"minecraft:deepslate":704,"create:zinc_ore":8,"minecraft:dark_oak_log":133,"born_in_chaos_v1:black_argillite":6,"minecraft:crimson_roots":1,"minecraft:red_mushroom":1,"minecraft:moss_block":9,"minecraft:kelp":4,"born_in_chaos_v1:gnawed_bones":1,"farmersdelight:wild_onions":7,"create:shaft":1,"supplementaries:flax":4,"minecraft:andesite":402,"minecraft:potatoes":175,"minecraft:vine":1,"minecraft:rail":99,"variantvanillablocks:spruce_crafting_table":9,"create:deployer":2,"minecraft:white_wool":1,"minecraft:stone_brick_slab":1,"minecraft:emerald_ore":1,"minecraft:campfire":2,"minecraft:copper_ore":3,"minecraft:tall_grass":7,"cfm:magenta_kitchen_drawer":4,"minecraft:big_dripleaf":1,"create:blaze_burner":1,"create:gearbox":3,"minecraft:spruce_log":504,"minecraft:birch_leaves":3,"minecraft:sunflower":3,"minecraft:gravel":44,"minecraft:dripstone_block":7,"minecraft:stone_bricks":3,"minecraft:gold_ore":3,"minecraft:fern":6,"minecraft:large_amethyst_bud":1,"biomesoplenty:glowshroom":2,"minecraft:spruce_planks":34,"farmersdelight:rich_soil":4,"minecraft:cobblestone_stairs":10,"minecraft:brewing_stand":2,"minecraft:spruce_trapdoor":4,"minecraft:cave_vines_plant":1,"variantvanillablocks:dark_oak_fletching_table":2,"minecraft:grass_block":91,"minecraft:composter":10,"minecraft:gilded_blackstone":1,"born_in_chaos_v1:pile_of_skulls":1,"minecraft:iron_ore":3,"born_in_chaos_v1:black_argillite_brick_slab":1,"born_in_chaos_v1:black_argillite_brick_stairs":1,"diagonalfences:minecraft/spruce_fence":3,"minecraft:iron_bars":1,"farmersdelight:organic_compost":5,"minecraft:blackstone":28,"minecraft:clay":25,"minecraft:calcite":1,"farmersdelight:brown_mushroom_colony":2,"supplementaries:wild_flax":6,"create:brass_casing":1,"minecraft:cobblestone":46,"minecraft:oak_planks":5,"minecraft:wall_torch":43,"create:large_water_wheel":4,"farmersdelight:cutting_board":1,"aquamirae:wisteria_niveis":1,"biomesoplenty:fir_log":84,"minecraft:oak_log":13,"minecraft:dirt":126,"minecraft:netherrack":14,"minecraft:oak_leaves":33,"biomesoplenty:glowing_moss_block":2,"alexscaves:spelunkery_table":1,"minecraft:tuff":45,"farmersdelight:onions":6,"minecraft:glow_lichen":1,"create:large_cogwheel":6,"minecraft:decorated_pot":3,"create:ochrum":12,"create:depot":4,"minecraft:spruce_leaves":6,"minecraft:large_fern":3,"minecraft:furnace":2,"biomesoplenty:toadstool":2,"farmersdelight:spruce_cabinet":3,"minecraft:gold_block":1,"minecraft:stripped_oak_log":1,"minecraft:packed_ice":12,"minecraft:stone":1759,"farmersdelight:cooking_pot":1,"minecraft:podzol":1,"minecraft:flowering_azalea":4,"born_in_chaos_v1:marigolds":1,"quark:blue_corundum":1,"minecraft:snow_block":1,"minecraft:spruce_door":9,"minecraft:crafting_table":2,"minecraft:rose_bush":1,"cfm:magenta_kitchen_counter":14,"minecraft:stone_slab":1,"born_in_chaos_v1:chipped_black_argillite_brick":1,"biomesoplenty:sprout":63,"minecraft:lapis_ore":1,"minecraft:blue_bed":14,"supplementaries:urn":25,"minecraft:sweet_berry_bush":56,"minecraft:ice":2,"variantvanillablocks:spruce_smithing_table":1,"minecraft:coal_ore":1,"quark:spruce_chest":8,"farmersdelight:stove":1,"minecraft:cracked_stone_bricks":1,"minecraft:small_dripleaf":1,"minecraft:mossy_stone_bricks":1,"quark:hollow_spruce_log":3},"minecraft:killed_by":{"born_in_chaos_v1:nightmare_stalker":4,"minecraft:zombie":1,"alexsmobs:grizzly_bear":1,"alexsmobs:bison":2,"born_in_chaos_v1:siamese_skeletonsleft":1,"born_in_chaos_v1:dread_hound":1,"minecraft:ghast":1,"minecraft:zombified_piglin":1,"born_in_chaos_v1:zombie_bruiser":2,"born_in_chaos_v1:corpse_fly":1,"minecraft:drowned":1,"alexsmobs:dropbear":1,"cataclysm:deepling_brute":1,"minecraft:player":2,"born_in_chaos_v1:fallen_chaos_knight":1,"minecraft:skeleton":1,"born_in_chaos_v1:corpse_fish":2,"alexsmobs:crimson_mosquito":2,"born_in_chaos_v1:door_knight":3},"minecraft:used":{"create:deployer":3,"minecraft:stone":5,"create:depot":4,"minecraft:spruce_boat":4,"born_in_chaos_v1:mint_candy":3,"create:rotation_speed_controller":1,"minecraft:sweet_berries":150,"create:shaft":1,"minecraft:furnace":4,"minecraft:potato":237,"minecraft:mossy_stone_bricks":2,"minecraft:leather_leggings":1,"minecraft:spruce_door":16,"minecraft:leather_chestplate":1,"minecraft:wooden_pickaxe":10,"minecraft:composter":8,"cfm:magenta_kitchen_drawer":4,"biomesoplenty:glowing_moss_carpet":2,"supplementaries:flax_seeds":5,"create:basin":5,"farmersdelight:spruce_cabinet":3,"minecraft:stone_sword":242,"minecraft:netherrack":11,"minecraft:torch":301,"create:ochrum":4,"create:wrench":21,"create:gearbox":2,"minecraft:iron_axe":501,"variantvanillablocks:spruce_fletching_table":1,"variantvanillablocks:dark_oak_fletching_table":3,"epicfight:stone_greatsword":2,"farmersdelight:cooking_pot":1,"tombstone:gift":2,"minecraft:cobbled_deepslate":103,"minecraft:wheat_seeds":47,"born_in_chaos_v1:mint_ice_cream":1,"minecraft:water_bucket":15,"minecraft:lead":1,"create:blaze_burner":1,"minecraft:rail":97,"minecraft:crafting_table":2,"minecraft:white_bed":3,"minecraft:campfire":1,"minecraft:spruce_log":28,"minecraft:diamond_pickaxe":1451,"minecraft:iron_pickaxe":2089,"minecraft:spruce_trapdoor":5,"minecraft:spruce_sapling":2,"minecraft:cobblestone":227,"minecraft:cooked_porkchop":6,"minecraft:porkchop":4,"minecraft:iron_shovel":173,"minecraft:decorated_pot":1,"farmersdelight:stove":2,"minecraft:iron_chestplate":1,"minecraft:mutton":7,"create:cogwheel":17,"minecraft:tuff":12,"minecraft:obsidian":10,"wom:agony":316,"born_in_chaos_v1:corpse_maggot":22,"variantvanillablocks:spruce_crafting_table":13,"wom:iron_staff":705,"born_in_chaos_v1:black_argillite_brick":1,"farmersdelight:cutting_board":4,"epicfight:skillbook":1,"minecraft:stone_pickaxe":63,"minecraft:blue_bed":12,"minecraft:diamond_axe":246,"minecraft:sugar_cane":16,"minecraft:white_wool":1,"some_assembly_required:sandwich":9,"farmersdelight:stuffed_pumpkin":2,"supplementaries:fodder":2,"minecraft:bread":1,"minecraft:deepslate":9,"minecraft:gravel":42,"born_in_chaos_v1:rotten_fish":1,"minecraft:andesite":8,"create:vertical_gearbox":1,"minecraft:bone_meal":32,"create:large_cogwheel":10,"minecraft:azalea":1,"minecraft:trident":1,"minecraft:flint_and_steel":1,"tacz:gun_smith_table":2,"minecraft:spruce_planks":161,"minecraft:stone_hoe":119,"minecraft:cooked_chicken":4,"minecraft:dirt":119,"create:mechanical_mixer":4,"cfm:magenta_kitchen_counter":15,"minecraft:spruce_fence":3,"minecraft:wooden_axe":117,"aquaculture:iron_fishing_rod":23,"quark:spruce_chest":16,"quark:hollow_spruce_log":2,"minecraft:minecart":9,"variantvanillablocks:jungle_fletching_table":2,"minecraft:cooked_beef":4,"minecraft:cooked_mutton":7,"minecraft:cobblestone_stairs":50,"minecraft:baked_potato":245,"farmersdelight:onion":2,"minecraft:magenta_bed":2,"travelersbackpack:wolf":22,"minecraft:apple":1,"create:mechanical_press":5,"create:large_water_wheel":5,"minecraft:stone_axe":149,"minecraft:fishing_rod":2,"minecraft:bucket":15,"alexsmobs:animal_dictionary":2,"create:hand_crank":10,"variantvanillablocks:spruce_smithing_table":2},"minecraft:killed":{"minecraft:cave_spider":1,"born_in_chaos_v1:restless_spirit":2,"born_in_chaos_v1:zombie_lumberjack":3,"born_in_chaos_v1:skeleton_demoman":2,"born_in_chaos_v1:siamese_skeletonsright":4,"minecraft:skeleton":33,"minecraft:guardian":1,"minecraft:chicken":5,"minecraft:pillager":11,"minecraft:zombie":55,"born_in_chaos_v1:corpse_fly":17,"born_in_chaos_v1:door_knight":2,"minecraft:cow":3,"born_in_chaos_v1:firelight":1,"born_in_chaos_v1:spiritof_chaos":1,"minecraft:wandering_trader":1,"born_in_chaos_v1:decrepit_skeleton":7,"born_in_chaos_v1:bloody_gadfly":1,"born_in_chaos_v1:zombie_clown":1,"minecraft:zombified_piglin":5,"minecraft:witch":2,"minecraft:spider":11,"aquaculture:atlantic_herring":2,"born_in_chaos_v1:firelight_not_despawn":4,"minecraft:piglin":4,"minecraft:pig":7,"alexsmobs:grizzly_bear":2,"minecraft:creeper":3,"alexsmobs:crimson_mosquito":3,"minecraft:sheep":11,"minecraft:trader_llama":2,"aquaculture:minnow":1,"born_in_chaos_v1:dread_hound":4,"alexsmobs:fly":1,"minecraft:blaze":5,"born_in_chaos_v1:siamese_skeletonsleft":3,"aquaculture:bluegill":1,"born_in_chaos_v1:zombie_clown_not_despawn":1,"born_in_chaos_v1:zombie_bruiser":4,"born_in_chaos_v1:maggot":30,"alexsmobs:bison":1,"minecraft:drowned":5,"born_in_chaos_v1:corpse_fish":9,"born_in_chaos_v1:fallen_chaos_knight":2,"born_in_chaos_v1:baby_skeleton":4,"born_in_chaos_v1:swarmer":4},"minecraft:crafted":{"create:vertical_gearbox":1,"create:rotation_speed_controller":1,"create:mechanical_press":1,"biomesoplenty:glowflower":10,"create:cogwheel":22,"create:rose_quartz":1,"minecraft:emerald":146,"minecraft:diamond_axe":3,"minecraft:spruce_door":6,"minecraft:copper_ingot":131,"minecraft:hay_block":1,"minecraft:campfire":2,"create:mechanical_mixer":1,"create:gearbox":1,"variantvanillablocks:jungle_fletching_table":2,"minecraft:iron_pickaxe":15,"minecraft:iron_block":2,"minecraft:gold_ingot":7,"create:large_cogwheel":8,"wom:iron_staff":2,"variantvanillablocks:dark_oak_fletching_table":1,"minecraft:stone_shovel":10,"create:wrench":1,"minecraft:iron_nugget":144,"minecraft:diamond_hoe":8,"minecraft:bone_meal":63,"minecraft:spruce_fence":27,"biomesoplenty:tall_lavender":1,"minecraft:stone_pickaxe":2,"minecraft:spruce_boat":2,"quark:spruce_chest":8,"create:electron_tube":1,"minecraft:dark_oak_planks":532,"mm_cooking:item_plate":2,"supplementaries:flax_block":1,"tacz:gun_smith_table":1,"minecraft:gunpowder":3,"minecraft:wooden_axe":2,"minecraft:iron_shovel":2,"minecraft:white_bed":1,"create:shaft":48,"minecraft:brick":48,"minecraft:oak_planks":16,"minecraft:cobblestone_stairs":40,"create:deployer":1,"minecraft:rail":48,"minecraft:bricks":4,"minecraft:stone_hoe":1,"create:brass_hand":1,"farmersdelight:stove":1,"create:depot":1,"variantvanillablocks:spruce_smithing_table":1,"variantvanillablocks:spruce_crafting_table":7,"minecraft:spruce_planks":1816,"minecraft:baked_potato":377,"minecraft:wooden_pickaxe":1,"create:sand_paper":1,"variantvanillablocks:spruce_fletching_table":1,"minecraft:string":2,"minecraft:charcoal":5,"minecraft:paper":3,"minecraft:diamond_pickaxe":4,"create:water_wheel":1,"minecraft:shield":1,"minecraft:stick":4357,"minecraft:iron_ingot":203,"minecraft:stone_sword":2,"aquaculture:iron_fishing_rod":1,"create:empty_blaze_burner":1,"minecraft:fishing_rod":1,"minecraft:furnace":2,"minecraft:flint_and_steel":1,"minecraft:iron_axe":9,"born_in_chaos_v1:fried_maggot":2,"create:basin":1,"minecraft:minecart":1,"minecraft:sugar":2,"create:andesite_alloy":67,"create:hand_crank":1,"minecraft:bowl":4,"create:large_water_wheel":1,"minecraft:stone_axe":1,"minecraft:air":0,"minecraft:jungle_planks":8,"create:whisk":1,"minecraft:white_wool":1,"minecraft:torch":384,"create:zinc_ingot":10,"supplementaries:fodder":2}},"DataVersion":3465}