{"stats":{"minecraft:killed":{"minecraft:spider":1,"born_in_chaos_v1:siamese_skeletonsright":1,"born_in_chaos_v1:maggot":2,"minecraft:skeleton":2,"minecraft:chicken":2,"born_in_chaos_v1:corpse_fish":4,"born_in_chaos_v1:firelight_not_despawn":1,"minecraft:pig":3,"alexsmobs:grizzly_bear":1,"born_in_chaos_v1:baby_skeleton":1,"minecraft:sheep":7,"minecraft:pillager":2,"minecraft:zombie":1,"born_in_chaos_v1:dread_hound":1,"born_in_chaos_v1:corpse_fly":1,"born_in_chaos_v1:siamese_skeletonsleft":1,"minecraft:cow":3},"minecraft:crafted":{"minecraft:oak_planks":12,"minecraft:stone_pickaxe":2,"quark:spruce_chest":4,"minecraft:stone_hoe":1,"variantvanillablocks:spruce_crafting_table":1,"minecraft:spruce_planks":100,"minecraft:wooden_pickaxe":1,"minecraft:stone_axe":1,"minecraft:stick":20,"minecraft:iron_ingot":3,"minecraft:iron_pickaxe":1,"minecraft:wooden_axe":2,"minecraft:stone_sword":1,"minecraft:gold_ingot":2,"minecraft:white_bed":1,"minecraft:torch":136},"minecraft:used":{"minecraft:stone_sword":66,"minecraft:decorated_pot":1,"minecraft:spruce_planks":51,"minecraft:stone_hoe":16,"minecraft:cooked_chicken":2,"minecraft:torch":27,"minecraft:dirt":15,"minecraft:spruce_boat":1,"variantvanillablocks:spruce_crafting_table":1,"minecraft:wooden_axe":116,"quark:spruce_chest":4,"minecraft:sweet_berries":122,"quark:hollow_spruce_log":2,"minecraft:cooked_beef":3,"minecraft:potato":11,"minecraft:cooked_mutton":1,"epicfight:skillbook":1,"minecraft:leather_leggings":1,"minecraft:stone_pickaxe":63,"minecraft:baked_potato":7,"minecraft:wooden_pickaxe":6,"minecraft:leather_chestplate":1,"minecraft:blue_bed":1,"minecraft:crafting_table":1,"minecraft:white_bed":3,"some_assembly_required:sandwich":8,"smarter_mobs:spider_web":1,"minecraft:spruce_log":13,"minecraft:iron_pickaxe":74,"minecraft:stone_axe":149,"minecraft:cobblestone":39,"born_in_chaos_v1:rotten_fish":1,"alexsmobs:animal_dictionary":2},"minecraft:dropped":{"quark:blue_corundum":1,"minecraft:glow_ink_sac":3,"minecraft:stick":4,"minecraft:wooden_axe":1,"minecraft:gold_ingot":3,"minecraft:bone":16,"minecraft:sweet_berries":35,"quark:blue_corundum_cluster":2,"born_in_chaos_v1:rotten_fish":15,"minecraft:chicken":2,"variantvanillablocks:spruce_crafting_table":1,"minecraft:leather_chestplate":1,"minecraft:potato":10,"minecraft:spruce_planks":26,"born_in_chaos_v1:corpse_maggot":1,"minecraft:leather_leggings":1,"minecraft:spruce_log":1},"minecraft:custom":{"minecraft:mob_kills":36,"minecraft:interact_with_crafting_table":17,"minecraft:open_barrel":1,"minecraft:interact_with_campfire":4,"minecraft:leave_game":7,"minecraft:time_since_death":38699,"minecraft:climb_one_cm":0,"minecraft:sprint_one_cm":810634,"minecraft:walk_one_cm":725483,"minecraft:drop":45,"minecraft:play_time":182403,"minecraft:deaths":2,"minecraft:sneak_time":5959,"minecraft:walk_under_water_one_cm":15041,"minecraft:boat_one_cm":36556,"minecraft:jump":2368,"minecraft:walk_on_water_one_cm":29841,"minecraft:total_world_time":182403,"minecraft:interact_with_furnace":9,"minecraft:sleep_in_bed":9,"minecraft:time_since_rest":8507,"minecraft:damage_taken":1498,"minecraft:damage_dealt":4576,"minecraft:swim_one_cm":39731,"minecraft:fly_one_cm":753870,"minecraft:open_chest":35,"minecraft:crouch_one_cm":20597,"minecraft:fall_one_cm":37816},"minecraft:mined":{"create:zinc_ore":8,"minecraft:white_bed":3,"minecraft:spruce_planks":8,"farmersdelight:rich_soil":2,"minecraft:grass_block":9,"minecraft:decorated_pot":1,"minecraft:spruce_leaves":4,"minecraft:moss_block":2,"farmersdelight:wild_onions":5,"minecraft:iron_ore":1,"minecraft:moss_carpet":1,"minecraft:potatoes":1,"minecraft:vine":1,"variantvanillablocks:spruce_crafting_table":1,"minecraft:stone":44,"bushierflowers:grown_poppy":1,"create:limestone":1,"minecraft:flowering_azalea":1,"minecraft:brown_mushroom":1,"smarter_mobs:spider_web":1,"quark:blue_corundum":1,"minecraft:crafting_table":1,"minecraft:rose_bush":1,"farmersdelight:brown_mushroom_colony":1,"supplementaries:wild_flax":6,"minecraft:copper_ore":2,"minecraft:cobblestone":1,"biomesoplenty:sprout":40,"minecraft:sugar_cane":5,"minecraft:wall_torch":3,"minecraft:blue_bed":1,"supplementaries:urn":4,"minecraft:sweet_berry_bush":43,"minecraft:spruce_log":145,"biomesoplenty:fir_log":1,"minecraft:grass":15,"minecraft:oak_log":11,"minecraft:coal_ore":1,"minecraft:dirt":24,"minecraft:deepslate":10,"minecraft:oak_leaves":29,"quark:hollow_spruce_log":3,"minecraft:fern":2},"minecraft:broken":{"minecraft:stone_pickaxe":2,"minecraft:stone_axe":1,"minecraft:wooden_axe":1},"minecraft:picked_up":{"minecraft:wooden_axe":1,"minecraft:spruce_leaves":2,"minecraft:crafting_table":1,"minecraft:allium":9,"minecraft:chicken":2,"quark:hollow_spruce_log":2,"minecraft:leather_leggings":1,"minecraft:brown_mushroom":6,"minecraft:string":2,"minecraft:raw_copper":221,"minecraft:moss_carpet":7,"variantvanillablocks:spruce_crafting_table":1,"minecraft:gold_nugget":22,"minecraft:cobbled_deepslate":6,"minecraft:spruce_planks":53,"minecraft:beef":8,"minecraft:azalea":2,"minecraft:light_gray_wool":1,"minecraft:poppy":1,"minecraft:sugar_cane":12,"minecraft:stick":37,"minecraft:raw_iron":86,"minecraft:torch":13,"epicfight:skillbook":1,"minecraft:porkchop":6,"minecraft:redstone":38,"minecraft:arrow":2,"minecraft:stone_sword":1,"minecraft:rotten_flesh":2,"minecraft:decorated_pot":1,"farmersdelight:onion":5,"minecraft:gold_ingot":1,"minecraft:mutton":9,"minecraft:white_wool":6,"minecraft:cobblestone":52,"born_in_chaos_v1:fused_bone":2,"born_in_chaos_v1:corpse_maggot":1,"farmersdelight:rich_soil":2,"minecraft:leather_chestplate":1,"minecraft:feather":1,"minecraft:cooked_beef":3,"born_in_chaos_v1:monster_flesh":1,"minecraft:glow_ink_sac":5,"minecraft:leather":5,"minecraft:potato":23,"biomesoplenty:fir_log":1,"alexsmobs:bear_fur":1,"create:raw_zinc":42,"minecraft:oak_log":11,"supplementaries:flax_seeds":7,"smarter_mobs:spider_web":1,"minecraft:blue_bed":1,"minecraft:dirt":29,"minecraft:white_banner":1,"biomesoplenty:glowing_moss_carpet":2,"minecraft:cooked_mutton":1,"minecraft:bone":11,"minecraft:apple":1,"minecraft:wheat_seeds":2,"minecraft:raw_gold":5,"minecraft:moss_block":5,"minecraft:flowering_azalea":1,"alexsmobs:bear_dust":1,"minecraft:sweet_berries":116,"minecraft:gravel":1,"minecraft:spruce_sapling":51,"minecraft:white_bed":3,"minecraft:spruce_log":149,"quark:blue_corundum_cluster":2,"minecraft:spider_eye":1,"some_assembly_required:sandwich":6,"born_in_chaos_v1:fire_dust":1,"minecraft:spruce_boat":2,"minecraft:bone_meal":2,"minecraft:oak_sapling":13,"born_in_chaos_v1:rotten_fish":8,"quark:blue_corundum":1,"minecraft:coal":145},"minecraft:killed_by":{"alexsmobs:bison":1}},"DataVersion":3465}