{"stats":{"minecraft:used":{"minecraft:iron_shovel":173,"minecraft:decorated_pot":1,"farmersdelight:stove":2,"minecraft:stone":5,"minecraft:iron_chestplate":1,"minecraft:mutton":7,"create:cogwheel":13,"create:depot":4,"minecraft:tuff":12,"minecraft:obsidian":10,"wom:agony":266,"minecraft:spruce_boat":4,"variantvanillablocks:spruce_crafting_table":12,"born_in_chaos_v1:corpse_maggot":22,"born_in_chaos_v1:mint_candy":3,"wom:iron_staff":705,"born_in_chaos_v1:black_argillite_brick":1,"farmersdelight:cutting_board":4,"create:shaft":1,"minecraft:sweet_berries":150,"minecraft:furnace":4,"minecraft:potato":237,"epicfight:skillbook":1,"minecraft:mossy_stone_bricks":2,"minecraft:leather_leggings":1,"minecraft:spruce_door":16,"minecraft:stone_pickaxe":63,"minecraft:leather_chestplate":1,"minecraft:wooden_pickaxe":10,"minecraft:composter":8,"minecraft:diamond_axe":225,"minecraft:blue_bed":12,"minecraft:white_wool":1,"some_assembly_required:sandwich":9,"cfm:magenta_kitchen_drawer":4,"supplementaries:fodder":2,"minecraft:bread":1,"minecraft:deepslate":9,"minecraft:gravel":42,"biomesoplenty:glowing_moss_carpet":2,"supplementaries:flax_seeds":5,"create:basin":1,"born_in_chaos_v1:rotten_fish":1,"farmersdelight:spruce_cabinet":3,"minecraft:andesite":8,"create:vertical_gearbox":1,"minecraft:bone_meal":32,"create:large_cogwheel":9,"minecraft:azalea":1,"minecraft:trident":1,"minecraft:flint_and_steel":1,"minecraft:stone_sword":242,"tacz:gun_smith_table":2,"minecraft:spruce_planks":157,"minecraft:stone_hoe":119,"minecraft:cooked_chicken":4,"minecraft:torch":291,"create:ochrum":4,"minecraft:dirt":119,"create:mechanical_mixer":4,"cfm:magenta_kitchen_counter":15,"minecraft:spruce_fence":3,"minecraft:wooden_axe":117,"aquaculture:iron_fishing_rod":23,"quark:spruce_chest":16,"create:gearbox":2,"minecraft:iron_axe":501,"variantvanillablocks:spruce_fletching_table":1,"variantvanillablocks:dark_oak_fletching_table":3,"epicfight:stone_greatsword":2,"quark:hollow_spruce_log":2,"farmersdelight:cooking_pot":1,"minecraft:minecart":9,"variantvanillablocks:jungle_fletching_table":2,"minecraft:cooked_beef":4,"minecraft:cobbled_deepslate":103,"minecraft:wheat_seeds":47,"minecraft:cooked_mutton":7,"born_in_chaos_v1:mint_ice_cream":1,"minecraft:water_bucket":11,"minecraft:cobblestone_stairs":50,"minecraft:lead":1,"minecraft:baked_potato":211,"farmersdelight:onion":2,"minecraft:rail":97,"minecraft:magenta_bed":2,"minecraft:crafting_table":2,"minecraft:campfire":1,"minecraft:white_bed":3,"travelersbackpack:wolf":19,"smarter_mobs:spider_web":1,"minecraft:spruce_log":25,"minecraft:diamond_pickaxe":1346,"minecraft:apple":1,"create:mechanical_press":3,"minecraft:iron_pickaxe":2089,"minecraft:spruce_trapdoor":5,"minecraft:spruce_sapling":2,"create:large_water_wheel":3,"minecraft:stone_axe":149,"minecraft:fishing_rod":2,"minecraft:cobblestone":206,"minecraft:porkchop":4,"minecraft:cooked_porkchop":6,"minecraft:bucket":12,"create:hand_crank":4,"alexsmobs:animal_dictionary":2,"variantvanillablocks:spruce_smithing_table":2},"minecraft:picked_up":{"minecraft:wooden_axe":1,"minecraft:wheat":63,"minecraft:prismarine_shard":2,"quark:hollow_spruce_log":4,"minecraft:stone_slab":1,"minecraft:lead":11,"minecraft:enchanted_book":1,"minecraft:potion":3,"minecraft:brewing_stand":2,"minecraft:amethyst_block":1,"born_in_chaos_v1:black_argillite":1,"farmersdelight:cutting_board":4,"aquaculture:muskellunge":2,"minecraft:string":17,"minecraft:raw_copper":807,"connectedglass:borderless_glass":8,"create:mechanical_press":2,"minecraft:bucket":1,"minecraft:gold_nugget":159,"minecraft:cobbled_deepslate":634,"bosses_of_mass_destruction:soul_star":1,"farmersdelight:cabbage":1,"minecraft:spruce_planks":92,"minecraft:white_tulip":1,"minecraft:rose_bush":12,"minecraft:calcite":1,"minecraft:azalea":4,"minecraft:iron_pickaxe":3,"born_in_chaos_v1:stimulating_decoction":5,"farmersdelight:cabbage_seeds":5,"minecraft:furnace":2,"minecraft:stick":164,"minecraft:sheaf_pottery_sherd":1,"create:mechanical_mixer":3,"minecraft:composter":10,"minecraft:big_dripleaf":6,"minecraft:torch":159,"create:andesite_casing":10,"minecraft:farmland":2,"epicfight:skillbook":7,"minecraft:porkchop":14,"minecraft:cherry_log":3,"born_in_chaos_v1:black_argillite_brick_stairs":1,"supplementaries:flax":11,"create:large_cogwheel":3,"minecraft:stone_sword":3,"minecraft:rotten_flesh":108,"farmersdelight:onion":28,"create:ochrum":12,"minecraft:red_tulip":1,"supplementaries:ash":40,"variantvanillablocks:spruce_smithing_table":1,"minecraft:obsidian":12,"minecraft:cod":7,"minecraft:snowball":4,"minecraft:cobblestone":1775,"minecraft:leather_chestplate":1,"minecraft:lilac":28,"minecraft:feather":10,"minecraft:cooked_beef":5,"farmersdelight:rice":8,"minecraft:andesite":400,"minecraft:jungle_log":4,"alexsmobs:bear_fur":2,"biomesoplenty:glowshroom":3,"alexsmobs:bison_fur":1,"minecraft:potato":640,"biomesoplenty:fir_sapling":9,"biomesoplenty:fir_log":85,"minecraft:tuff":54,"minecraft:flint":5,"create:raw_zinc":158,"supplementaries:flax_seeds":32,"born_in_chaos_v1:black_argillite_button":3,"minecraft:magenta_bed":3,"minecraft:dirt":278,"minecraft:lapis_lazuli":159,"smarter_mobs:spider_web":9,"born_in_chaos_v1:monster_skin":2,"born_in_chaos_v1:marigolds":1,"minecraft:glass":1,"minecraft:bone":88,"minecraft:bow":1,"minecraft:wheat_seeds":157,"minecraft:orange_tulip":2,"aquamirae:wisteria_niveis":1,"minecraft:raw_gold":59,"create:shaft":1,"minecraft:mossy_stone_bricks":2,"tacz:gun_smith_table":1,"minecraft:moss_block":13,"minecraft:stone_hoe":1,"aquaculture:atlantic_herring":1,"biomesoplenty:toadstool":2,"aquaculture:gar":1,"create_connected:music_disc_interlude":2,"minecraft:cooked_porkchop":6,"create:cogwheel":7,"farmersdelight:spruce_cabinet":3,"minecraft:poisonous_potato":6,"minecraft:stripped_spruce_log":1,"minecraft:grass_block":3,"cfm:magenta_kitchen_counter":15,"minecraft:lily_of_the_valley":2,"minecraft:dark_oak_log":135,"alexsmobs:animal_dictionary":2,"minecraft:clay":1,"some_assembly_required:sandwich":9,"born_in_chaos_v1:fire_dust":8,"minecraft:deepslate":18,"minecraft:diamond":38,"minecraft:angler_pottery_sherd":1,"minecraft:spruce_boat":3,"minecraft:crossbow":2,"minecraft:granite":2,"minecraft:bone_meal":40,"minecraft:golden_apple":2,"minecraft:spruce_sign":1,"minecraft:bread":3,"minecraft:emerald":7,"minecraft:netherrack":5,"born_in_chaos_v1:rotten_fish":16,"minecraft:oak_sapling":28,"minecraft:oak_leaves":6,"minecraft:crimson_roots":3,"minecraft:diamond_pickaxe":1,"minecraft:spruce_leaves":2,"minecraft:charcoal":4,"minecraft:shelter_pottery_sherd":2,"minecraft:crafting_table":2,"minecraft:allium":59,"minecraft:azure_bluet":4,"minecraft:chicken":8,"minecraft:clay_ball":70,"minecraft:leather_leggings":1,"minecraft:brown_mushroom":20,"minecraft:wooden_pickaxe":1,"minecraft:stone_brick_wall":3,"minecraft:shield":1,"minecraft:brick":3,"minecraft:moss_carpet":7,"minecraft:iron_axe":6,"variantvanillablocks:spruce_crafting_table":10,"born_in_chaos_v1:intoxicating_decoction":2,"tacz:ammo":583,"born_in_chaos_v1:black_argillite_brick":1,"minecraft:cracked_stone_bricks":1,"quark:spruce_chest":8,"aquaculture:bluegill":3,"minecraft:beef":24,"born_in_chaos_v1:gnawed_bones":1,"minecraft:poppy":2,"minecraft:light_gray_wool":2,"minecraft:minecart":9,"minecraft:sugar_cane":33,"minecraft:spruce_trapdoor":3,"minecraft:diamond_hoe":2,"minecraft:egg":8,"minecraft:dark_oak_sapling":99,"minecraft:raw_iron":273,"minecraft:stone":14,"minecraft:copper_ingot":47,"minecraft:spruce_fence":3,"aquaculture:perch":3,"farmersdelight:tomato_seeds":2,"create:hand_crank":3,"minecraft:trident":1,"born_in_chaos_v1:pieceofdarkmetal":9,"minecraft:redstone":97,"minecraft:prismarine_crystals":1,"cfm:magenta_kitchen_drawer":4,"minecraft:arrow":37,"minecraft:stone_shovel":18,"minecraft:decorated_pot":1,"aquaculture:brown_trout":1,"artifacts:snowshoes":1,"create:depot":3,"alexscaves:spelunkery_table":1,"minecraft:pink_tulip":1,"aquaculture:carp":1,"minecraft:gold_ingot":1,"minecraft:mutton":11,"minecraft:bone_block":9,"minecraft:white_wool":11,"minecraft:rail":103,"born_in_chaos_v1:fused_bone":12,"born_in_chaos_v1:corpse_maggot":36,"farmersdelight:rich_soil":6,"minecraft:air":0,"born_in_chaos_v1:monster_flesh":6,"minecraft:glow_ink_sac":8,"minecraft:salmon":3,"minecraft:leather":7,"smartermobs:zombie_block":8,"minecraft:red_mushroom":1,"minecraft:oak_log":18,"minecraft:gunpowder":30,"minecraft:cobblestone_stairs":10,"quark:limestone":4,"farmersdelight:stuffed_pumpkin":2,"minecraft:blue_bed":14,"minecraft:white_banner":2,"biomesoplenty:glowing_moss_carpet":4,"minecraft:cooked_mutton":7,"farmersdelight:organic_compost":5,"minecraft:apple":12,"minecraft:stone_bricks":2,"farmersdelight:cooking_pot":1,"minecraft:kelp":9,"minecraft:iron_ingot":21,"minecraft:cooked_chicken":4,"born_in_chaos_v1:chipped_black_argillite_brick":1,"minecraft:cobweb":12,"variantvanillablocks:dark_oak_fletching_table":2,"aquaculture:minnow":5,"minecraft:glass_bottle":2,"minecraft:flowering_azalea":4,"aquaculture:smallmouth_bass":1,"create:large_water_wheel":2,"alexsmobs:bear_dust":2,"epicfight:stone_greatsword":2,"minecraft:sweet_berries":145,"minecraft:stone_brick_slab":1,"born_in_chaos_v1:ethereal_spirit":6,"minecraft:dandelion":2,"minecraft:dripstone_block":7,"minecraft:gravel":70,"minecraft:amethyst_shard":4,"minecraft:spruce_sapling":227,"minecraft:white_bed":4,"minecraft:spruce_log":689,"biomesoplenty:glowing_moss_block":3,"quark:blue_corundum_cluster":2,"minecraft:spruce_door":13,"minecraft:spider_eye":6,"create:gearbox":2,"travelersbackpack:wolf":1,"minecraft:stone_axe":1,"minecraft:slime_ball":7,"minecraft:snort_pottery_sherd":1,"born_in_chaos_v1:black_argillite_brick_slab":6,"born_in_chaos_v1:pile_of_skulls":1,"tacz:modern_kinetic_gun":2,"minecraft:baked_potato":42,"quark:blue_corundum":1,"minecraft:black_wool":1,"farmersdelight:stove":1,"minecraft:coal":410,"minecraft:sunflower":11},"minecraft:mined":{"minecraft:large_amethyst_bud":1,"biomesoplenty:glowshroom":2,"minecraft:spruce_planks":30,"minecraft:white_bed":3,"farmersdelight:rich_soil":4,"create:andesite_casing":10,"minecraft:cobblestone_stairs":10,"minecraft:brewing_stand":2,"minecraft:obsidian":12,"minecraft:granite":1,"minecraft:spruce_trapdoor":4,"minecraft:cave_vines_plant":1,"variantvanillablocks:dark_oak_fletching_table":2,"minecraft:stone_brick_wall":3,"minecraft:grass_block":91,"born_in_chaos_v1:dark_metal_deposit":2,"minecraft:composter":10,"tacz:gun_smith_table":1,"born_in_chaos_v1:pile_of_skulls":1,"minecraft:magma_block":1,"minecraft:cobbled_deepslate":11,"minecraft:iron_ore":3,"minecraft:fire":6,"born_in_chaos_v1:black_argillite_brick_slab":1,"born_in_chaos_v1:black_argillite_brick_stairs":1,"minecraft:moss_carpet":1,"diagonalfences:minecraft/spruce_fence":3,"minecraft:cave_vines":1,"minecraft:dirt_path":10,"minecraft:oak_stairs":1,"minecraft:iron_bars":1,"quark:limestone":4,"create:mechanical_press":2,"bushierflowers:grown_poppy":1,"create:limestone":1,"create:cogwheel":7,"supplementaries:fodder":1,"minecraft:brown_mushroom":4,"farmersdelight:organic_compost":5,"minecraft:kelp_plant":1,"minecraft:amethyst_cluster":1,"minecraft:clay":25,"minecraft:torch":47,"minecraft:calcite":1,"farmersdelight:brown_mushroom_colony":2,"supplementaries:wild_flax":6,"minecraft:cobblestone":41,"minecraft:sugar_cane":11,"minecraft:oak_planks":5,"minecraft:wall_torch":40,"minecraft:amethyst_block":1,"create:large_water_wheel":2,"create:mechanical_mixer":3,"biomesoplenty:glowworm_silk_strand":1,"minecraft:wheat":50,"farmersdelight:cutting_board":1,"aquamirae:wisteria_niveis":1,"minecraft:magenta_bed":3,"minecraft:lilac":16,"biomesoplenty:large_rose_quartz_bud":2,"born_in_chaos_v1:black_argillite_brick":1,"biomesoplenty:fir_log":84,"minecraft:grass":44,"minecraft:oak_log":13,"minecraft:dirt":126,"minecraft:netherrack":5,"minecraft:oak_leaves":33,"minecraft:deepslate":704,"biomesoplenty:glowing_moss_block":2,"create:zinc_ore":8,"alexscaves:spelunkery_table":1,"minecraft:tuff":45,"farmersdelight:onions":6,"smartermobs:zombie_block":4,"minecraft:dark_oak_log":133,"minecraft:glow_lichen":1,"create:large_cogwheel":3,"minecraft:decorated_pot":3,"born_in_chaos_v1:black_argillite":6,"minecraft:crimson_roots":1,"create:depot":3,"create:ochrum":12,"minecraft:spruce_leaves":6,"minecraft:kelp":4,"minecraft:moss_block":9,"minecraft:red_mushroom":1,"born_in_chaos_v1:gnawed_bones":1,"minecraft:large_fern":3,"farmersdelight:wild_onions":7,"create:shaft":1,"minecraft:furnace":2,"biomesoplenty:toadstool":2,"farmersdelight:spruce_cabinet":3,"supplementaries:flax":4,"minecraft:andesite":402,"minecraft:potatoes":175,"minecraft:vine":1,"minecraft:rail":99,"variantvanillablocks:spruce_crafting_table":8,"minecraft:packed_ice":12,"minecraft:stripped_oak_log":1,"minecraft:stone":1730,"minecraft:white_wool":1,"farmersdelight:cooking_pot":1,"minecraft:podzol":1,"minecraft:flowering_azalea":4,"smarter_mobs:spider_web":4,"born_in_chaos_v1:marigolds":1,"quark:blue_corundum":1,"minecraft:snow_block":1,"minecraft:stone_brick_slab":1,"minecraft:spruce_door":9,"minecraft:crafting_table":2,"minecraft:emerald_ore":1,"minecraft:rose_bush":1,"minecraft:campfire":1,"minecraft:stone_slab":1,"cfm:magenta_kitchen_counter":14,"minecraft:copper_ore":3,"minecraft:tall_grass":7,"born_in_chaos_v1:chipped_black_argillite_brick":1,"cfm:magenta_kitchen_drawer":4,"biomesoplenty:sprout":62,"minecraft:lapis_ore":1,"minecraft:big_dripleaf":1,"minecraft:blue_bed":14,"supplementaries:urn":25,"create:gearbox":2,"minecraft:sweet_berry_bush":56,"minecraft:ice":2,"minecraft:spruce_log":504,"minecraft:birch_leaves":3,"variantvanillablocks:spruce_smithing_table":1,"minecraft:coal_ore":1,"quark:spruce_chest":8,"minecraft:sunflower":3,"minecraft:gravel":44,"minecraft:dripstone_block":7,"farmersdelight:stove":1,"minecraft:cracked_stone_bricks":1,"minecraft:stone_bricks":3,"minecraft:small_dripleaf":1,"minecraft:mossy_stone_bricks":1,"minecraft:gold_ore":3,"quark:hollow_spruce_log":3,"minecraft:fern":6},"minecraft:killed_by":{"born_in_chaos_v1:nightmare_stalker":4,"born_in_chaos_v1:zombie_bruiser":2,"born_in_chaos_v1:corpse_fly":1,"creeperoverhaul:cave_creeper":1,"cataclysm:deepling_brute":1,"minecraft:zombie":1,"alexsmobs:grizzly_bear":1,"minecraft:player":1,"born_in_chaos_v1:fallen_chaos_knight":1,"alexsmobs:bison":2,"born_in_chaos_v1:siamese_skeletonsleft":1,"minecraft:skeleton":1,"born_in_chaos_v1:corpse_fish":2,"born_in_chaos_v1:door_knight":3,"born_in_chaos_v1:dread_hound":1},"minecraft:crafted":{"minecraft:brick":48,"minecraft:oak_planks":16,"minecraft:cobblestone_stairs":40,"create:vertical_gearbox":1,"create:mechanical_press":1,"biomesoplenty:glowflower":10,"minecraft:rail":48,"minecraft:bricks":4,"minecraft:stone_hoe":1,"create:cogwheel":10,"farmersdelight:stove":1,"create:depot":1,"variantvanillablocks:spruce_smithing_table":1,"minecraft:emerald":146,"variantvanillablocks:spruce_crafting_table":7,"minecraft:diamond_axe":3,"minecraft:spruce_planks":1816,"minecraft:wooden_pickaxe":1,"minecraft:baked_potato":369,"minecraft:spruce_door":6,"minecraft:copper_ingot":131,"minecraft:hay_block":1,"minecraft:campfire":2,"variantvanillablocks:spruce_fletching_table":1,"create:mechanical_mixer":1,"create:gearbox":1,"create:water_wheel":1,"minecraft:string":2,"minecraft:shield":1,"minecraft:diamond_pickaxe":4,"minecraft:charcoal":5,"variantvanillablocks:jungle_fletching_table":2,"minecraft:stick":4357,"minecraft:iron_ingot":203,"minecraft:iron_pickaxe":15,"minecraft:iron_block":2,"minecraft:stone_sword":2,"minecraft:gold_ingot":6,"create:large_cogwheel":2,"wom:iron_staff":2,"aquaculture:iron_fishing_rod":1,"create:empty_blaze_burner":1,"variantvanillablocks:dark_oak_fletching_table":1,"minecraft:stone_shovel":10,"minecraft:fishing_rod":1,"create:wrench":1,"minecraft:iron_nugget":72,"minecraft:diamond_hoe":8,"minecraft:furnace":2,"minecraft:bone_meal":63,"minecraft:spruce_fence":27,"biomesoplenty:tall_lavender":1,"minecraft:flint_and_steel":1,"minecraft:iron_axe":9,"born_in_chaos_v1:fried_maggot":2,"minecraft:stone_pickaxe":2,"minecraft:spruce_boat":2,"create:basin":1,"quark:spruce_chest":8,"minecraft:dark_oak_planks":532,"mm_cooking:item_plate":2,"supplementaries:flax_block":1,"minecraft:minecart":1,"minecraft:sugar":2,"create:andesite_alloy":36,"create:hand_crank":1,"minecraft:bowl":4,"create:large_water_wheel":1,"tacz:gun_smith_table":1,"minecraft:stone_axe":1,"minecraft:jungle_planks":8,"minecraft:air":0,"create:whisk":1,"minecraft:white_wool":1,"minecraft:gunpowder":3,"minecraft:wooden_axe":2,"minecraft:iron_shovel":2,"create:shaft":48,"minecraft:white_bed":1,"minecraft:torch":384,"supplementaries:fodder":2},"minecraft:dropped":{"minecraft:diamond_axe":1,"minecraft:cooked_beef":2,"minecraft:glow_ink_sac":3,"quark:blue_corundum":1,"minecraft:baked_potato":94,"born_in_chaos_v1:fried_maggot":2,"minecraft:glow_berries":3,"minecraft:leather":3,"aquaculture:minnow":1,"minecraft:cracked_stone_bricks":1,"minecraft:leather_helmet":1,"born_in_chaos_v1:monster_flesh":1,"minecraft:crimson_roots":3,"minecraft:iron_pickaxe":4,"biomesoplenty:glowflower":10,"minecraft:white_wool":6,"minecraft:blue_bed":1,"minecraft:gold_ingot":3,"minecraft:bone":16,"minecraft:cooked_chicken":4,"minecraft:cobbled_deepslate":13,"minecraft:rotten_flesh":37,"variantvanillablocks:spruce_crafting_table":1,"minecraft:leather_chestplate":1,"supplementaries:flax_seeds":1,"aquaculture:bluegill":1,"born_in_chaos_v1:chipped_black_argillite_brick":1,"minecraft:charcoal":2,"born_in_chaos_v1:corpse_maggot":1,"minecraft:leather_leggings":1,"minecraft:arrow":2,"born_in_chaos_v1:marigolds":1,"minecraft:oak_leaves":3,"biomesoplenty:tall_lavender":1,"create:andesite_alloy":1,"minecraft:bread":9,"minecraft:iron_ingot":1,"minecraft:wheat_seeds":10,"minecraft:lead":4,"minecraft:prismarine_crystals":1,"minecraft:cobblestone":253,"minecraft:granite":2,"born_in_chaos_v1:black_argillite_brick_slab":4,"minecraft:copper_ingot":1,"minecraft:stick":5,"minecraft:magenta_bed":1,"minecraft:cobweb":12,"minecraft:torch":31,"minecraft:wooden_axe":1,"aquaculture:atlantic_herring":1,"born_in_chaos_v1:fused_bone":4,"minecraft:potion":3,"epicfight:stone_greatsword":1,"minecraft:iron_axe":12,"minecraft:stone_brick_slab":1,"minecraft:kelp":4,"minecraft:sweet_berries":35,"quark:blue_corundum_cluster":2,"minecraft:bowl":4,"minecraft:diamond_hoe":8,"minecraft:stone_shovel":28,"born_in_chaos_v1:rotten_fish":15,"born_in_chaos_v1:black_argillite_button":3,"minecraft:chicken":2,"minecraft:potato":74,"minecraft:spruce_planks":26,"minecraft:diamond_pickaxe":1,"tacz:ammo":180,"minecraft:spruce_log":2,"minecraft:wooden_pickaxe":1,"minecraft:brick":3,"biomesoplenty:fir_log":1},"minecraft:custom":{"minecraft:animals_bred":4,"minecraft:interact_with_crafting_table":102,"minecraft:open_barrel":42,"minecraft:leave_game":28,"minecraft:time_since_death":11708,"minecraft:sprint_one_cm":3990790,"minecraft:drop":213,"minecraft:talked_to_villager":56,"minecraft:deaths":25,"minecraft:play_time":865010,"minecraft:jump":11102,"minecraft:walk_on_water_one_cm":141921,"minecraft:interact_with_furnace":98,"minecraft:traded_with_villager":181,"minecraft:interact_with_cartography_table":1,"minecraft:interact_with_loom":2,"minecraft:sleep_in_bed":48,"minecraft:damage_dealt":34485,"minecraft:player_kills":3,"minecraft:crouch_one_cm":152603,"minecraft:mob_kills":266,"minecraft:interact_with_campfire":4,"minecraft:damage_dealt_resisted":5000,"minecraft:climb_one_cm":3238,"minecraft:walk_one_cm":3774684,"minecraft:damage_dealt_absorbed":20,"minecraft:sneak_time":43667,"minecraft:walk_under_water_one_cm":162197,"minecraft:boat_one_cm":483167,"minecraft:interact_with_blast_furnace":3,"minecraft:total_world_time":865010,"minecraft:time_since_rest":11949,"minecraft:damage_taken":14891,"minecraft:damage_absorbed":40,"minecraft:swim_one_cm":331829,"minecraft:fly_one_cm":3571833,"minecraft:open_chest":425,"minecraft:fish_caught":21,"minecraft:fall_one_cm":201701},"minecraft:killed":{"born_in_chaos_v1:zombie_clown":1,"minecraft:cave_spider":1,"minecraft:zombified_piglin":1,"minecraft:witch":2,"born_in_chaos_v1:zombie_lumberjack":3,"born_in_chaos_v1:restless_spirit":2,"born_in_chaos_v1:skeleton_demoman":2,"minecraft:spider":11,"born_in_chaos_v1:siamese_skeletonsright":4,"minecraft:skeleton":32,"minecraft:guardian":1,"minecraft:chicken":5,"creeperoverhaul:cave_creeper":3,"aquaculture:atlantic_herring":2,"born_in_chaos_v1:firelight_not_despawn":4,"minecraft:pig":7,"alexsmobs:grizzly_bear":2,"minecraft:creeper":3,"minecraft:sheep":11,"minecraft:trader_llama":2,"minecraft:pillager":10,"aquaculture:minnow":1,"minecraft:zombie":55,"born_in_chaos_v1:dread_hound":3,"born_in_chaos_v1:corpse_fly":17,"alexsmobs:fly":1,"born_in_chaos_v1:door_knight":2,"born_in_chaos_v1:siamese_skeletonsleft":3,"minecraft:cow":3,"aquaculture:bluegill":1,"born_in_chaos_v1:zombie_clown_not_despawn":1,"born_in_chaos_v1:zombie_bruiser":4,"born_in_chaos_v1:maggot":29,"alexsmobs:bison":1,"minecraft:drowned":4,"born_in_chaos_v1:corpse_fish":9,"born_in_chaos_v1:spiritof_chaos":1,"born_in_chaos_v1:fallen_chaos_knight":2,"born_in_chaos_v1:baby_skeleton":3,"born_in_chaos_v1:swarmer":4,"minecraft:wandering_trader":1,"born_in_chaos_v1:decrepit_skeleton":7,"born_in_chaos_v1:bloody_gadfly":1},"minecraft:broken":{"minecraft:iron_chestplate":1,"minecraft:stone_pickaxe":2,"minecraft:stone_axe":1,"minecraft:wooden_axe":1,"wom:iron_staff":1,"minecraft:stone_sword":1,"minecraft:iron_axe":1,"minecraft:iron_pickaxe":9,"minecraft:iron_helmet":1}},"DataVersion":3465}