{"stats":{"minecraft:custom":{"minecraft:interact_with_crafting_table":135,"minecraft:open_barrel":59,"minecraft:eat_cake_slice":1,"minecraft:leave_game":57,"minecraft:time_since_death":19872,"minecraft:play_time":1391880,"minecraft:deaths":38,"minecraft:jump":16894,"minecraft:interact_with_furnace":130,"minecraft:traded_with_villager":294,"minecraft:interact_with_cartography_table":1,"minecraft:sleep_in_bed":78,"minecraft:damage_dealt":48355,"tombstone:undead_killed":25,"minecraft:damage_dealt_absorbed":20,"minecraft:sneak_time":66386,"minecraft:interact_with_blast_furnace":3,"minecraft:total_world_time":1391880,"tombstone:raider_killed":3,"minecraft:time_since_rest":4752,"minecraft:swim_one_cm":397945,"minecraft:fly_one_cm":6433768,"minecraft:open_chest":541,"minecraft:fish_caught":21,"minecraft:fall_one_cm":317908,"minecraft:animals_bred":4,"minecraft:sprint_one_cm":6457104,"minecraft:drop":320,"minecraft:talked_to_villager":674,"minecraft:walk_on_water_one_cm":179830,"minecraft:interact_with_loom":2,"minecraft:player_kills":6,"minecraft:crouch_one_cm":218140,"minecraft:mob_kills":367,"minecraft:interact_with_campfire":4,"minecraft:damage_dealt_resisted":6034,"minecraft:climb_one_cm":3452,"minecraft:walk_one_cm":5120351,"minecraft:walk_under_water_one_cm":188700,"minecraft:boat_one_cm":891373,"minecraft:pot_flower":1,"minecraft:damage_taken":22410,"minecraft:damage_absorbed":40},"minecraft:picked_up":{"minecraft:wooden_axe":1,"farmersdelight:cabbage_rolls":4,"quark:hollow_spruce_log":4,"minecraft:prismarine_shard":2,"minecraft:lead":11,"minecraft:stone_slab":1,"biomesoplenty:violet":2,"minecraft:enchanted_book":3,"minecraft:brewing_stand":5,"minecraft:amethyst_block":1,"farmersdelight:cutting_board":4,"minecraft:string":24,"biomesoplenty:yellow_autumn_sapling":3,"minecraft:gold_nugget":180,"minecraft:cobbled_deepslate":662,"bosses_of_mass_destruction:soul_star":2,"minecraft:spruce_planks":111,"minecraft:enchanted_golden_apple":1,"minecraft:sheaf_pottery_sherd":1,"minecraft:composter":10,"minecraft:big_dripleaf":10,"minecraft:farmland":2,"minecraft:acacia_log":12,"create:andesite_casing":12,"quark:blossom_log":33,"minecraft:cherry_log":15,"born_in_chaos_v1:black_argillite_brick_stairs":1,"minecraft:stone_sword":3,"biomesoplenty:rose_quartz_chunk":3,"farmersdelight:onion":30,"create:ochrum":12,"minecraft:red_tulip":4,"supplementaries:ash":47,"variantvanillablocks:spruce_smithing_table":1,"minecraft:snowball":4,"minecraft:birch_log":6,"minecraft:feather":10,"minecraft:cooked_beef":5,"farmersdelight:rice":8,"minecraft:jungle_log":5,"biomesoplenty:fir_sapling":27,"biomesoplenty:fir_log":258,"alexsmobs:bison_fur":1,"minecraft:flint":6,"born_in_chaos_v1:black_argillite_button":3,"minecraft:magenta_bed":3,"biomesoplenty:snowblossom_sapling":1,"born_in_chaos_v1:marigolds":1,"create:shaft":1,"farmersdelight:egg_sandwich":1,"tacz:gun_smith_table":1,"minecraft:moss_block":20,"aquaculture:gar":1,"farmersdelight:spruce_cabinet":3,"minecraft:birch_fence_gate":1,"minecraft:stripped_spruce_log":1,"minecraft:ink_sac":2,"minecraft:dark_oak_log":135,"alexsmobs:animal_dictionary":2,"minecraft:bundle":1,"farmersdelight:cake_slice":4,"minecraft:deepslate":18,"minecraft:angler_pottery_sherd":1,"minecraft:granite":2,"minecraft:bread":3,"born_in_chaos_v1:rotten_fish":20,"minecraft:crimson_roots":3,"minecraft:diamond_pickaxe":3,"minecraft:spruce_leaves":3,"minecraft:mud":14,"minecraft:shelter_pottery_sherd":2,"minecraft:crafting_table":4,"minecraft:clay_ball":79,"minecraft:leather_leggings":1,"born_in_chaos_v1:intoxicating_decoction":3,"tacz:ammo":916,"born_in_chaos_v1:black_argillite_brick":1,"minecraft:cracked_stone_bricks":1,"quark:spruce_chest":8,"minecraft:beef":28,"born_in_chaos_v1:gnawed_bones":1,"minecraft:iron_nugget":10,"minecraft:poppy":8,"minecraft:spruce_slab":1,"minecraft:minecart":10,"minecraft:diamond_hoe":2,"minecraft:egg":12,"minecraft:stone":14,"minecraft:spruce_fence":3,"farmersdelight:tomato_seeds":4,"born_in_chaos_v1:pieceofdarkmetal":9,"minecraft:redstone":157,"create:brass_casing":1,"minecraft:prismarine_crystals":1,"create:vertical_gearbox":1,"prettypipes:item_terminal":1,"minecraft:stone_shovel":18,"minecraft:decorated_pot":1,"aquaculture:brown_trout":1,"artifacts:snowshoes":1,"create:depot":4,"aquaculture:carp":1,"minecraft:gold_ingot":9,"farmersdelight:grilled_salmon":1,"minecraft:mutton":11,"minecraft:rail":113,"minecraft:white_wool":11,"minecraft:bone_block":9,"born_in_chaos_v1:monster_flesh":9,"minecraft:red_mushroom":1,"minecraft:oak_log":36,"farmersdelight:stuffed_pumpkin":5,"quark:limestone":4,"minecraft:blue_bed":14,"minecraft:white_banner":3,"biomesoplenty:glowing_moss_carpet":4,"farmersdelight:organic_compost":5,"minecraft:stone_bricks":2,"minecraft:apple":13,"farmersdelight:cooking_pot":1,"minecraft:kelp":9,"minecraft:cobweb":12,"minecraft:glass_bottle":3,"minecraft:flowering_azalea":4,"biomesoplenty:umbran_log":39,"aquaculture:smallmouth_bass":1,"epicfight:stone_greatsword":2,"minecraft:sweet_berries":160,"born_in_chaos_v1:ethereal_spirit":6,"minecraft:gravel":86,"minecraft:spruce_sapling":234,"minecraft:spruce_log":738,"quark:blue_corundum_cluster":2,"create:gearbox":2,"travelersbackpack:wolf":2,"biomesoplenty:maple_sapling":1,"minecraft:slime_ball":7,"minecraft:snort_pottery_sherd":1,"born_in_chaos_v1:black_argillite_brick_slab":6,"born_in_chaos_v1:pile_of_skulls":1,"minecraft:stone_axe":1,"tacz:modern_kinetic_gun":4,"minecraft:diamond_axe":1,"minecraft:baked_potato":123,"quark:blue_corundum":1,"minecraft:wheat":81,"minecraft:potion":3,"born_in_chaos_v1:black_argillite":1,"aquaculture:muskellunge":2,"minecraft:raw_copper":933,"connectedglass:borderless_glass":8,"alexsmobs:blood_sac":1,"minecraft:red_sand":2,"create:mechanical_press":5,"farmersdelight:cabbage":1,"minecraft:bucket":1,"minecraft:white_tulip":1,"minecraft:rose_bush":13,"minecraft:calcite":1,"minecraft:azalea":6,"minecraft:iron_pickaxe":4,"born_in_chaos_v1:stimulating_decoction":8,"farmersdelight:cabbage_seeds":5,"minecraft:furnace":2,"minecraft:stick":219,"create:mechanical_mixer":4,"minecraft:torch":208,"minecraft:spruce_stairs":1,"epicfight:skillbook":10,"minecraft:porkchop":14,"tacz:attachment":1,"tombstone:grave_dust":5,"minecraft:pointed_dripstone":18,"supplementaries:flax":12,"create:large_cogwheel":6,"farmersdelight:fried_egg":2,"minecraft:rotten_flesh":134,"biomesoplenty:white_petals":4,"minecraft:obsidian":12,"minecraft:cod":7,"minecraft:cobblestone":2110,"minecraft:nautilus_shell":1,"minecraft:leather_chestplate":1,"minecraft:lilac":28,"minecraft:andesite":489,"biomesoplenty:glowshroom":3,"minecraft:potato":714,"alexsmobs:bear_fur":2,"minecraft:tuff":58,"create:raw_zinc":172,"supplementaries:flax_seeds":37,"artifacts:flame_pendant":1,"minecraft:lapis_lazuli":159,"minecraft:dirt":461,"born_in_chaos_v1:monster_skin":5,"minecraft:glass":1,"minecraft:bone":102,"minecraft:bow":1,"minecraft:orange_tulip":2,"minecraft:wheat_seeds":202,"aquamirae:wisteria_niveis":1,"farmersdelight:sweet_berry_cookie":36,"minecraft:raw_gold":59,"minecraft:mossy_stone_bricks":2,"minecraft:stone_hoe":1,"aquaculture:atlantic_herring":1,"biomesoplenty:toadstool":4,"create_connected:music_disc_interlude":2,"minecraft:cooked_porkchop":6,"create:cogwheel":12,"minecraft:poisonous_potato":6,"cfm:magenta_kitchen_counter":15,"minecraft:grass_block":3,"minecraft:lily_of_the_valley":6,"some_assembly_required:sandwich":9,"minecraft:clay":1,"born_in_chaos_v1:fire_dust":10,"minecraft:diamond":77,"minecraft:spruce_boat":9,"minecraft:crossbow":2,"minecraft:bone_meal":42,"minecraft:golden_apple":2,"minecraft:spruce_sign":2,"minecraft:emerald":7,"minecraft:oak_sapling":38,"minecraft:netherrack":40,"minecraft:oak_leaves":6,"minecraft:charcoal":6,"minecraft:allium":59,"minecraft:azure_bluet":6,"minecraft:chicken":8,"minecraft:brown_mushroom":20,"minecraft:wooden_pickaxe":1,"create:rotation_speed_controller":1,"minecraft:stone_brick_wall":3,"minecraft:gold_block":1,"minecraft:brick":3,"minecraft:shield":1,"minecraft:moss_carpet":9,"minecraft:iron_axe":6,"variantvanillablocks:spruce_crafting_table":11,"minecraft:blackstone":28,"aquaculture:bluegill":3,"minecraft:oak_boat":1,"create:basin":5,"minecraft:light_gray_wool":2,"minecraft:lectern":377,"minecraft:sugar_cane":163,"minecraft:spruce_trapdoor":5,"minecraft:dark_oak_sapling":99,"minecraft:raw_iron":331,"minecraft:copper_ingot":49,"minecraft:bowl":3,"aquaculture:perch":3,"create:hand_crank":10,"minecraft:trident":1,"create:zinc_ingot":1,"create:deployer":2,"minecraft:dark_oak_planks":1,"cfm:magenta_kitchen_drawer":4,"minecraft:arrow":47,"biomesoplenty:umbran_sapling":19,"alexscaves:spelunkery_table":1,"minecraft:pink_tulip":1,"born_in_chaos_v1:fused_bone":14,"born_in_chaos_v1:corpse_maggot":57,"farmersdelight:rich_soil":6,"minecraft:air":0,"minecraft:glow_ink_sac":8,"minecraft:salmon":3,"minecraft:leather":9,"minecraft:crimson_fungus":32,"create:andesite_alloy":3,"create:blaze_burner":1,"minecraft:gunpowder":44,"minecraft:cobblestone_stairs":10,"minecraft:cooked_mutton":7,"minecraft:gray_carpet":9,"minecraft:iron_ingot":52,"born_in_chaos_v1:chipped_black_argillite_brick":1,"minecraft:cooked_chicken":4,"variantvanillablocks:dark_oak_fletching_table":5,"aquaculture:minnow":5,"minecraft:acacia_sapling":4,"wom:agony":2,"minecraft:book":3,"quark:blue_blossom_sapling":2,"create:large_water_wheel":4,"minecraft:black_candle":7,"alexsmobs:bear_dust":2,"minecraft:stone_brick_slab":1,"minecraft:quartz":64,"minecraft:dandelion":9,"minecraft:dripstone_block":18,"minecraft:amethyst_shard":4,"minecraft:white_bed":4,"biomesoplenty:glowing_moss_block":3,"minecraft:spider_eye":9,"minecraft:spruce_door":14,"mowziesmobs:naga_fang":3,"travelersbackpack:fox":2,"create:brass_ingot":10,"tombstone:magic_scroll":1,"minecraft:black_wool":1,"farmersdelight:stove":1,"minecraft:coal":526,"minecraft:sunflower":13},"minecraft:broken":{"minecraft:iron_chestplate":2,"minecraft:diamond_pickaxe":1,"minecraft:stone_sword":1,"minecraft:iron_axe":1,"minecraft:iron_pickaxe":9,"minecraft:iron_helmet":1,"minecraft:stone_pickaxe":2,"minecraft:stone_axe":1,"minecraft:wooden_axe":1,"wom:iron_staff":1},"minecraft:killed_by":{"born_in_chaos_v1:nightmare_stalker":4,"minecraft:zombie":2,"alexsmobs:grizzly_bear":1,"born_in_chaos_v1:dire_hound_leader":1,"alexsmobs:bison":2,"born_in_chaos_v1:siamese_skeletonsleft":1,"born_in_chaos_v1:dread_hound":1,"minecraft:ghast":1,"minecraft:zombified_piglin":1,"born_in_chaos_v1:zombie_bruiser":2,"born_in_chaos_v1:corpse_fly":1,"minecraft:drowned":1,"alexsmobs:dropbear":1,"cataclysm:deepling_brute":1,"minecraft:player":3,"born_in_chaos_v1:fallen_chaos_knight":1,"minecraft:skeleton":2,"born_in_chaos_v1:corpse_fish":2,"alexsmobs:crimson_mosquito":2,"born_in_chaos_v1:door_knight":3},"minecraft:mined":{"minecraft:dark_oak_planks":1,"minecraft:white_bed":3,"create:andesite_casing":12,"minecraft:cherry_log":22,"minecraft:obsidian":12,"minecraft:granite":1,"minecraft:red_sand":2,"minecraft:acacia_log":12,"born_in_chaos_v1:dark_metal_deposit":2,"minecraft:stone_brick_wall":3,"bushierflowers:grown_dandelion":1,"create:rotation_speed_controller":1,"tacz:gun_smith_table":1,"minecraft:magma_block":1,"minecraft:fire":8,"minecraft:cobbled_deepslate":18,"biomesoplenty:violet":2,"minecraft:moss_carpet":3,"minecraft:cave_vines":1,"minecraft:dirt_path":13,"minecraft:oak_stairs":1,"quark:limestone":4,"bushierflowers:grown_poppy":2,"create:mechanical_press":5,"create:limestone":1,"create:cogwheel":12,"supplementaries:fodder":1,"minecraft:brown_mushroom":4,"minecraft:kelp_plant":1,"minecraft:soul_fire":1,"minecraft:amethyst_cluster":1,"minecraft:torch":62,"quark:blossom_log":55,"minecraft:spruce_wall_sign":2,"minecraft:sugar_cane":83,"minecraft:amethyst_block":1,"create:basin":5,"minecraft:mud":18,"biomesoplenty:glowworm_silk_strand":1,"minecraft:wheat":50,"minecraft:lilac":16,"minecraft:magenta_bed":3,"create:mechanical_mixer":4,"biomesoplenty:large_rose_quartz_bud":2,"born_in_chaos_v1:black_argillite_brick":1,"minecraft:grass":94,"create:hand_crank":2,"minecraft:deepslate":722,"create:zinc_ore":8,"minecraft:dark_oak_log":133,"minecraft:birch_fence_gate":1,"born_in_chaos_v1:black_argillite":6,"minecraft:crimson_roots":1,"biomesoplenty:white_petals":2,"minecraft:red_mushroom":1,"biomesoplenty:dead_grass":1,"minecraft:moss_block":11,"minecraft:kelp":4,"born_in_chaos_v1:gnawed_bones":1,"farmersdelight:wild_onions":7,"create:shaft":1,"supplementaries:flax":6,"minecraft:andesite":483,"minecraft:potatoes":175,"minecraft:vine":2,"minecraft:rail":107,"variantvanillablocks:spruce_crafting_table":9,"create:deployer":2,"biomesoplenty:barley":4,"biomesoplenty:rose_quartz_cluster":1,"minecraft:white_wool":1,"minecraft:lily_of_the_valley":5,"minecraft:stone_brick_slab":1,"minecraft:dandelion":5,"minecraft:emerald_ore":1,"minecraft:campfire":2,"minecraft:copper_ore":4,"minecraft:tall_grass":10,"cfm:magenta_kitchen_drawer":4,"minecraft:big_dripleaf":1,"create:blaze_burner":1,"create:gearbox":3,"minecraft:spruce_log":553,"minecraft:birch_leaves":3,"minecraft:sunflower":4,"minecraft:gravel":50,"minecraft:dripstone_block":18,"minecraft:stone_bricks":3,"minecraft:gold_ore":3,"minecraft:fern":9,"minecraft:large_amethyst_bud":1,"biomesoplenty:glowshroom":2,"minecraft:spruce_planks":50,"farmersdelight:rich_soil":4,"farmersdelight:roast_chicken_block":1,"minecraft:cobblestone_stairs":10,"minecraft:brewing_stand":3,"minecraft:spruce_trapdoor":6,"minecraft:cave_vines_plant":1,"variantvanillablocks:dark_oak_fletching_table":5,"minecraft:grass_block":222,"minecraft:composter":10,"minecraft:gilded_blackstone":1,"born_in_chaos_v1:pile_of_skulls":1,"minecraft:iron_ore":3,"born_in_chaos_v1:black_argillite_brick_slab":1,"born_in_chaos_v1:black_argillite_brick_stairs":1,"minecraft:azure_bluet":2,"diagonalfences:minecraft/spruce_fence":3,"minecraft:red_tulip":1,"minecraft:pointed_dripstone":14,"minecraft:iron_bars":1,"minecraft:black_candle":3,"farmersdelight:organic_compost":5,"minecraft:blackstone":28,"supplementaries:book_pile":1,"minecraft:clay":28,"minecraft:calcite":1,"minecraft:poppy":4,"create:brass_casing":1,"farmersdelight:brown_mushroom_colony":2,"supplementaries:wild_flax":6,"minecraft:cobblestone":63,"minecraft:oak_planks":5,"minecraft:wall_torch":52,"create:large_water_wheel":4,"minecraft:birch_log":7,"farmersdelight:cutting_board":1,"aquamirae:wisteria_niveis":1,"minecraft:blue_ice":7,"biomesoplenty:umbran_log":77,"biomesoplenty:fir_log":339,"minecraft:oak_log":34,"minecraft:dirt":170,"minecraft:netherrack":14,"minecraft:oak_leaves":68,"biomesoplenty:glowing_moss_block":2,"alexscaves:spelunkery_table":1,"minecraft:tuff":48,"farmersdelight:onions":6,"minecraft:deepslate_diamond_ore":1,"travelersbackpack:fox":2,"minecraft:glow_lichen":1,"create:large_cogwheel":6,"minecraft:decorated_pot":3,"create:ochrum":12,"create:depot":4,"minecraft:spruce_leaves":6,"minecraft:large_fern":3,"minecraft:furnace":2,"biomesoplenty:toadstool":3,"farmersdelight:spruce_cabinet":3,"minecraft:gold_block":1,"biomesoplenty:sea_oats":2,"minecraft:bookshelf":1,"minecraft:stripped_oak_log":1,"minecraft:packed_ice":109,"minecraft:stone":2040,"farmersdelight:cooking_pot":1,"minecraft:podzol":1,"minecraft:flowering_azalea":4,"born_in_chaos_v1:marigolds":1,"quark:blue_corundum":1,"minecraft:snow_block":1,"minecraft:spruce_door":11,"minecraft:crafting_table":4,"minecraft:rose_bush":4,"minecraft:lectern":377,"minecraft:stone_slab":1,"cfm:magenta_kitchen_counter":14,"born_in_chaos_v1:chipped_black_argillite_brick":1,"biomesoplenty:sprout":99,"minecraft:lapis_ore":1,"minecraft:blue_bed":14,"supplementaries:urn":25,"minecraft:spruce_stairs":2,"minecraft:sweet_berry_bush":64,"minecraft:ice":2,"variantvanillablocks:spruce_smithing_table":1,"minecraft:coal_ore":1,"quark:spruce_chest":8,"farmersdelight:stove":1,"minecraft:cracked_stone_bricks":1,"minecraft:small_dripleaf":1,"minecraft:mossy_stone_bricks":1,"quark:hollow_spruce_log":3},"minecraft:dropped":{"minecraft:cooked_beef":2,"quark:blue_corundum":1,"minecraft:glow_ink_sac":3,"born_in_chaos_v1:fried_maggot":2,"minecraft:glass_bottle":2,"minecraft:diamond":37,"minecraft:crafting_table":1,"minecraft:glow_berries":3,"minecraft:cracked_stone_bricks":1,"minecraft:leather_helmet":1,"born_in_chaos_v1:monster_flesh":1,"minecraft:dirt":35,"minecraft:birch_fence":2,"minecraft:iron_pickaxe":5,"minecraft:white_wool":6,"minecraft:blue_bed":1,"hamsters:hamster_wheel":1,"minecraft:bone":16,"biomesoplenty:toadstool":1,"wom:agony":2,"minecraft:cooked_chicken":4,"minecraft:iron_nugget":5,"minecraft:cobbled_deepslate":34,"minecraft:wheat":18,"minecraft:rotten_flesh":38,"minecraft:oak_planks":4,"supplementaries:flax_seeds":1,"minecraft:charcoal":2,"minecraft:leather_leggings":1,"born_in_chaos_v1:marigolds":1,"biomesoplenty:tall_lavender":1,"minecraft:enchanted_book":1,"minecraft:iron_ingot":5,"minecraft:wheat_seeds":13,"minecraft:prismarine_crystals":1,"minecraft:cobblestone":270,"minecraft:granite":2,"quark:spruce_chest":1,"minecraft:cobweb":12,"minecraft:wooden_axe":1,"aquaculture:atlantic_herring":1,"minecraft:potion":3,"quark:blue_blossom_sapling":2,"minecraft:spruce_sapling":2,"minecraft:stone_brick_slab":1,"minecraft:moss_carpet":2,"quark:blue_corundum_cluster":2,"minecraft:bowl":7,"minecraft:diamond_hoe":8,"minecraft:stone_shovel":28,"born_in_chaos_v1:rotten_fish":15,"minecraft:chicken":2,"minecraft:clay_ball":9,"minecraft:potato":74,"minecraft:spruce_boat":1,"minecraft:spruce_planks":30,"create:zinc_ingot":4,"minecraft:diamond_pickaxe":3,"tacz:ammo":420,"minecraft:red_tulip":2,"minecraft:moss_block":7,"minecraft:diamond_axe":3,"minecraft:warped_fungus":3,"minecraft:baked_potato":94,"minecraft:leather":3,"aquaculture:minnow":1,"mowziesmobs:naga_fang":1,"minecraft:crimson_roots":3,"biomesoplenty:glowflower":10,"minecraft:gold_ingot":14,"variantvanillablocks:spruce_crafting_table":1,"minecraft:leather_chestplate":1,"born_in_chaos_v1:chipped_black_argillite_brick":1,"aquaculture:bluegill":1,"born_in_chaos_v1:corpse_maggot":1,"minecraft:azalea":2,"create:brass_ingot":12,"minecraft:arrow":2,"minecraft:oak_leaves":3,"create:andesite_alloy":3,"minecraft:bread":9,"minecraft:lead":4,"born_in_chaos_v1:black_argillite_brick_slab":4,"minecraft:copper_ingot":5,"minecraft:stick":10,"minecraft:magenta_bed":1,"minecraft:iron_block":2,"minecraft:brewing_stand":2,"minecraft:torch":53,"born_in_chaos_v1:fused_bone":4,"tacz:modern_kinetic_gun":2,"epicfight:stone_greatsword":1,"minecraft:iron_axe":12,"minecraft:sweet_berries":47,"minecraft:kelp":4,"born_in_chaos_v1:black_argillite_button":3,"farmersdelight:fried_egg":1,"minecraft:oak_sapling":1,"minecraft:spruce_log":2,"minecraft:wooden_pickaxe":1,"minecraft:brick":3,"biomesoplenty:fir_log":1},"minecraft:killed":{"minecraft:cave_spider":1,"born_in_chaos_v1:restless_spirit":2,"born_in_chaos_v1:zombie_lumberjack":4,"born_in_chaos_v1:skeleton_demoman":2,"born_in_chaos_v1:siamese_skeletonsright":5,"minecraft:skeleton":38,"alexsmobs:orca":1,"minecraft:guardian":1,"minecraft:chicken":5,"minecraft:pillager":13,"minecraft:zombie":66,"born_in_chaos_v1:corpse_fly":29,"born_in_chaos_v1:door_knight":3,"minecraft:cow":5,"born_in_chaos_v1:firelight":1,"born_in_chaos_v1:spiritof_chaos":1,"minecraft:wandering_trader":1,"born_in_chaos_v1:decrepit_skeleton":8,"born_in_chaos_v1:bloody_gadfly":1,"born_in_chaos_v1:zombie_clown":2,"minecraft:zombified_piglin":5,"minecraft:witch":3,"minecraft:spider":17,"aquaculture:atlantic_herring":2,"born_in_chaos_v1:firelight_not_despawn":4,"minecraft:piglin":4,"minecraft:pig":7,"alexsmobs:grizzly_bear":2,"minecraft:creeper":6,"alexsmobs:crimson_mosquito":3,"minecraft:sheep":11,"minecraft:trader_llama":2,"aquaculture:minnow":1,"born_in_chaos_v1:dread_hound":5,"alexsmobs:fly":1,"minecraft:blaze":5,"born_in_chaos_v1:siamese_skeletonsleft":4,"aquaculture:bluegill":1,"born_in_chaos_v1:zombie_clown_not_despawn":1,"born_in_chaos_v1:zombie_bruiser":4,"born_in_chaos_v1:maggot":40,"alexsmobs:blue_jay":1,"alexsmobs:bison":1,"minecraft:drowned":5,"born_in_chaos_v1:corpse_fish":14,"born_in_chaos_v1:fallen_chaos_knight":2,"born_in_chaos_v1:baby_skeleton":5,"born_in_chaos_v1:swarmer":5},"minecraft:crafted":{"minecraft:smooth_stone":3,"minecraft:bookshelf":1,"minecraft:iron_bars":16,"create:vertical_gearbox":1,"create:rotation_speed_controller":1,"minecraft:glass":4,"create:mechanical_press":1,"biomesoplenty:glowflower":10,"create:cogwheel":22,"create:rose_quartz":1,"minecraft:emerald":253,"minecraft:diamond_axe":3,"minecraft:spruce_door":9,"minecraft:copper_ingot":151,"minecraft:hay_block":1,"minecraft:campfire":2,"create:mechanical_mixer":1,"prettypipes:wrench":1,"create:gearbox":1,"naturescompass:naturescompass":1,"variantvanillablocks:jungle_fletching_table":2,"minecraft:iron_pickaxe":15,"minecraft:compass":2,"minecraft:iron_block":4,"minecraft:gold_ingot":58,"create:large_cogwheel":8,"wom:iron_staff":2,"variantvanillablocks:dark_oak_fletching_table":1,"minecraft:stone_shovel":10,"create:wrench":1,"minecraft:smooth_stone_slab":6,"minecraft:iron_nugget":144,"minecraft:diamond_hoe":8,"minecraft:bone_meal":63,"minecraft:spruce_fence":27,"biomesoplenty:tall_lavender":1,"minecraft:stone_pickaxe":2,"variantvanillablocks:birch_crafting_table":1,"minecraft:spruce_boat":3,"quark:spruce_chest":9,"create:electron_tube":1,"prettypipes:crafting_terminal":1,"minecraft:dark_oak_planks":532,"mm_cooking:item_plate":2,"supplementaries:flax_block":1,"tacz:gun_smith_table":1,"minecraft:enchanted_book":3,"hamsters:hamster_wheel":1,"minecraft:gunpowder":3,"minecraft:wooden_axe":2,"minecraft:iron_shovel":2,"minecraft:white_bed":1,"create:shaft":48,"minecraft:brick":48,"minecraft:oak_planks":44,"minecraft:cobblestone_stairs":40,"minecraft:stone":28,"create:deployer":1,"tombstone:grave_key":1,"minecraft:rail":48,"minecraft:bricks":4,"minecraft:stone_hoe":1,"create:brass_hand":1,"farmersdelight:stove":1,"create:depot":1,"variantvanillablocks:spruce_smithing_table":1,"variantvanillablocks:spruce_crafting_table":9,"minecraft:crafting_table":2,"minecraft:spruce_planks":3672,"minecraft:baked_potato":477,"minecraft:wooden_pickaxe":1,"create:sand_paper":1,"minecraft:birch_planks":24,"variantvanillablocks:spruce_fletching_table":1,"minecraft:spruce_trapdoor":4,"minecraft:string":2,"minecraft:charcoal":5,"minecraft:paper":3,"minecraft:diamond_pickaxe":6,"create:water_wheel":1,"minecraft:shield":1,"minecraft:birch_fence":3,"minecraft:stick":7805,"minecraft:iron_ingot":203,"minecraft:stone_sword":2,"aquaculture:iron_fishing_rod":1,"create:empty_blaze_burner":1,"minecraft:fishing_rod":1,"minecraft:furnace":2,"minecraft:flint_and_steel":1,"minecraft:iron_axe":9,"born_in_chaos_v1:fried_maggot":2,"create:basin":1,"prettypipes:pipe":16,"minecraft:minecart":1,"minecraft:red_dye":2,"minecraft:sugar":2,"create:andesite_alloy":67,"create:hand_crank":1,"minecraft:bowl":4,"create:large_water_wheel":1,"minecraft:stone_axe":1,"minecraft:air":0,"minecraft:jungle_planks":8,"minecraft:oak_boat":2,"create:whisk":1,"minecraft:white_wool":1,"minecraft:torch":440,"create:zinc_ingot":10,"supplementaries:fodder":2},"minecraft:used":{"create:deployer":3,"minecraft:poppy":4,"minecraft:stone":5,"create:depot":4,"minecraft:spruce_boat":9,"born_in_chaos_v1:mint_candy":3,"create:rotation_speed_controller":1,"create:shaft":1,"minecraft:sweet_berries":158,"minecraft:furnace":4,"minecraft:egg":4,"minecraft:potato":237,"minecraft:mossy_stone_bricks":2,"minecraft:leather_leggings":1,"minecraft:spruce_door":19,"minecraft:leather_chestplate":1,"minecraft:wooden_pickaxe":10,"minecraft:composter":8,"cfm:magenta_kitchen_drawer":4,"minecraft:birch_fence":1,"minecraft:lectern":379,"biomesoplenty:glowing_moss_carpet":2,"supplementaries:flax_seeds":7,"create:basin":5,"farmersdelight:spruce_cabinet":3,"minecraft:oak_boat":2,"minecraft:stone_sword":242,"minecraft:netherrack":11,"minecraft:torch":374,"create:ochrum":4,"create:wrench":21,"create:gearbox":2,"minecraft:iron_axe":501,"variantvanillablocks:spruce_fletching_table":1,"variantvanillablocks:dark_oak_fletching_table":5,"epicfight:stone_greatsword":2,"farmersdelight:cooking_pot":1,"tombstone:gift":6,"minecraft:cobbled_deepslate":194,"minecraft:wheat_seeds":47,"born_in_chaos_v1:mint_ice_cream":1,"minecraft:water_bucket":15,"minecraft:lead":1,"create:blaze_burner":1,"minecraft:rail":106,"minecraft:crafting_table":3,"minecraft:white_bed":3,"minecraft:campfire":1,"minecraft:spruce_log":29,"minecraft:mud":3,"minecraft:diamond_pickaxe":2078,"minecraft:diamond_shovel":95,"minecraft:iron_pickaxe":2098,"minecraft:spruce_trapdoor":11,"minecraft:spruce_sapling":2,"minecraft:enchanted_book":1,"minecraft:cobblestone":293,"minecraft:porkchop":4,"farmersdelight:egg_sandwich":1,"minecraft:cooked_porkchop":6,"minecraft:black_candle":2,"minecraft:dandelion":2,"minecraft:iron_shovel":173,"farmersdelight:cabbage_rolls":4,"minecraft:diamond_hoe":3,"minecraft:decorated_pot":1,"farmersdelight:stove":2,"minecraft:iron_chestplate":1,"prettypipes:wrench":2,"minecraft:mutton":7,"create:cogwheel":17,"minecraft:tuff":12,"farmersdelight:roast_chicken":3,"farmersdelight:sweet_berry_cookie":13,"minecraft:obsidian":10,"wom:agony":580,"born_in_chaos_v1:corpse_maggot":23,"variantvanillablocks:spruce_crafting_table":14,"wom:iron_staff":705,"born_in_chaos_v1:black_argillite_brick":1,"farmersdelight:cutting_board":4,"epicfight:skillbook":1,"minecraft:stone_pickaxe":63,"minecraft:diamond_axe":1244,"minecraft:blue_bed":12,"minecraft:sugar_cane":17,"minecraft:white_wool":1,"farmersdelight:stuffed_pumpkin":5,"some_assembly_required:sandwich":9,"supplementaries:fodder":2,"minecraft:bread":1,"minecraft:deepslate":9,"minecraft:gravel":42,"farmersdelight:ham":1,"born_in_chaos_v1:rotten_fish":2,"minecraft:andesite":8,"create:vertical_gearbox":1,"minecraft:bone_meal":32,"create:large_cogwheel":10,"minecraft:azalea":1,"minecraft:trident":2,"minecraft:flint_and_steel":1,"tacz:gun_smith_table":2,"minecraft:spruce_planks":168,"minecraft:stone_hoe":119,"minecraft:cooked_chicken":4,"minecraft:dirt":232,"create:mechanical_mixer":4,"cfm:magenta_kitchen_counter":15,"minecraft:spruce_fence":3,"prettypipes:crafting_terminal":1,"minecraft:wooden_axe":117,"aquaculture:iron_fishing_rod":23,"minecraft:bookshelf":1,"quark:spruce_chest":16,"quark:hollow_spruce_log":2,"minecraft:minecart":11,"variantvanillablocks:jungle_fletching_table":2,"minecraft:cooked_beef":4,"travelersbackpack:fox":4,"farmersdelight:fried_egg":1,"minecraft:cooked_mutton":7,"minecraft:cobblestone_stairs":50,"minecraft:baked_potato":309,"born_in_chaos_v1:stimulating_decoction":1,"farmersdelight:onion":2,"minecraft:magenta_bed":2,"variantvanillablocks:birch_crafting_table":1,"prettypipes:pipe":10,"travelersbackpack:wolf":40,"minecraft:apple":1,"create:mechanical_press":5,"create:large_water_wheel":5,"minecraft:stone_axe":149,"minecraft:fishing_rod":2,"minecraft:bucket":15,"alexsmobs:animal_dictionary":2,"create:hand_crank":10,"variantvanillablocks:spruce_smithing_table":2}},"DataVersion":3465}