{"stats":{"minecraft:killed_by":{"born_in_chaos_v1:zombie_bruiser":1,"alexsmobs:bison":1,"born_in_chaos_v1:siamese_skeletonsleft":1,"born_in_chaos_v1:corpse_fish":1},"minecraft:used":{"minecraft:stone_sword":200,"minecraft:iron_shovel":16,"farmersdelight:stove":1,"tacz:gun_smith_table":2,"minecraft:decorated_pot":1,"minecraft:spruce_planks":60,"minecraft:stone":4,"minecraft:cooked_chicken":2,"minecraft:stone_hoe":108,"minecraft:torch":49,"minecraft:dirt":27,"minecraft:mutton":7,"minecraft:spruce_boat":1,"variantvanillablocks:spruce_crafting_table":3,"minecraft:wooden_axe":117,"quark:spruce_chest":8,"minecraft:sweet_berries":122,"quark:hollow_spruce_log":2,"minecraft:furnace":1,"minecraft:cooked_beef":3,"minecraft:potato":76,"epicfight:skillbook":1,"minecraft:wheat_seeds":9,"minecraft:cooked_mutton":7,"minecraft:leather_leggings":1,"minecraft:stone_pickaxe":63,"minecraft:baked_potato":16,"minecraft:leather_chestplate":1,"minecraft:wooden_pickaxe":6,"minecraft:blue_bed":1,"minecraft:white_wool":1,"minecraft:crafting_table":1,"some_assembly_required:sandwich":8,"minecraft:white_bed":3,"travelersbackpack:wolf":3,"smarter_mobs:spider_web":1,"minecraft:spruce_log":13,"minecraft:iron_pickaxe":101,"minecraft:spruce_sapling":2,"biomesoplenty:glowing_moss_carpet":2,"minecraft:gravel":12,"supplementaries:flax_seeds":2,"minecraft:stone_axe":149,"minecraft:cobblestone":39,"born_in_chaos_v1:rotten_fish":1,"minecraft:porkchop":4,"minecraft:cooked_porkchop":6,"alexsmobs:animal_dictionary":2,"minecraft:bone_meal":10,"minecraft:azalea":1},"minecraft:picked_up":{"minecraft:wooden_axe":1,"minecraft:spruce_leaves":2,"minecraft:crafting_table":1,"minecraft:wheat":3,"minecraft:allium":13,"minecraft:chicken":2,"quark:hollow_spruce_log":2,"minecraft:leather_leggings":1,"minecraft:brown_mushroom":6,"minecraft:string":3,"minecraft:moss_carpet":7,"minecraft:raw_copper":256,"variantvanillablocks:spruce_crafting_table":3,"tacz:ammo":60,"minecraft:gold_nugget":22,"minecraft:cobbled_deepslate":6,"minecraft:spruce_planks":56,"minecraft:beef":8,"minecraft:azalea":3,"minecraft:poppy":1,"minecraft:light_gray_wool":1,"born_in_chaos_v1:stimulating_decoction":2,"minecraft:sugar_cane":14,"minecraft:stick":39,"minecraft:raw_iron":100,"minecraft:stone":5,"minecraft:big_dripleaf":3,"minecraft:torch":22,"minecraft:farmland":1,"epicfight:skillbook":3,"minecraft:porkchop":10,"minecraft:redstone":38,"supplementaries:flax":2,"minecraft:stone_sword":1,"minecraft:arrow":8,"minecraft:rotten_flesh":20,"minecraft:decorated_pot":1,"farmersdelight:onion":12,"minecraft:gold_ingot":1,"minecraft:mutton":11,"minecraft:white_wool":8,"minecraft:cobblestone":57,"born_in_chaos_v1:fused_bone":4,"born_in_chaos_v1:corpse_maggot":2,"farmersdelight:rich_soil":2,"minecraft:leather_chestplate":1,"minecraft:feather":1,"minecraft:lilac":2,"minecraft:cooked_beef":5,"born_in_chaos_v1:monster_flesh":1,"minecraft:glow_ink_sac":5,"minecraft:leather":5,"smartermobs:zombie_block":3,"minecraft:potato":93,"alexsmobs:bear_fur":1,"biomesoplenty:fir_log":1,"minecraft:flint":1,"create:raw_zinc":50,"minecraft:oak_log":14,"supplementaries:flax_seeds":10,"minecraft:gunpowder":6,"minecraft:blue_bed":1,"minecraft:dirt":45,"smarter_mobs:spider_web":2,"minecraft:white_banner":1,"biomesoplenty:glowing_moss_carpet":2,"minecraft:cooked_mutton":7,"minecraft:bone":20,"minecraft:apple":1,"minecraft:wheat_seeds":20,"minecraft:raw_gold":5,"minecraft:iron_ingot":2,"minecraft:cooked_chicken":4,"tacz:gun_smith_table":1,"minecraft:moss_block":6,"minecraft:flowering_azalea":1,"alexsmobs:bear_dust":1,"minecraft:cooked_porkchop":6,"minecraft:sweet_berries":116,"born_in_chaos_v1:ethereal_spirit":2,"minecraft:gravel":14,"minecraft:spruce_sapling":52,"minecraft:grass_block":1,"minecraft:white_bed":3,"minecraft:spruce_log":149,"quark:blue_corundum_cluster":2,"minecraft:spider_eye":2,"travelersbackpack:wolf":1,"some_assembly_required:sandwich":6,"born_in_chaos_v1:fire_dust":1,"minecraft:spruce_boat":2,"tacz:modern_kinetic_gun":1,"minecraft:bone_meal":2,"minecraft:coal":155,"born_in_chaos_v1:rotten_fish":8,"quark:blue_corundum":1,"minecraft:oak_sapling":13,"minecraft:oak_leaves":3,"minecraft:sunflower":2},"minecraft:custom":{"minecraft:mob_kills":72,"minecraft:interact_with_crafting_table":32,"minecraft:open_barrel":1,"minecraft:interact_with_campfire":4,"minecraft:leave_game":11,"minecraft:time_since_death":8698,"minecraft:climb_one_cm":809,"minecraft:sprint_one_cm":1264820,"minecraft:walk_one_cm":1131884,"minecraft:drop":60,"minecraft:damage_dealt_absorbed":20,"minecraft:play_time":277350,"minecraft:deaths":5,"minecraft:sneak_time":9772,"minecraft:walk_under_water_one_cm":21086,"minecraft:boat_one_cm":36556,"minecraft:jump":3634,"minecraft:walk_on_water_one_cm":53214,"minecraft:total_world_time":277350,"minecraft:interact_with_furnace":37,"minecraft:sleep_in_bed":13,"minecraft:time_since_rest":8731,"minecraft:damage_taken":3225,"minecraft:damage_dealt":9627,"minecraft:swim_one_cm":86664,"minecraft:fly_one_cm":1223458,"minecraft:open_chest":101,"minecraft:crouch_one_cm":31281,"minecraft:fall_one_cm":62427},"minecraft:mined":{"create:zinc_ore":8,"minecraft:spruce_planks":9,"farmersdelight:onions":2,"minecraft:white_bed":3,"farmersdelight:rich_soil":2,"minecraft:grass_block":10,"minecraft:decorated_pot":1,"minecraft:spruce_leaves":4,"minecraft:moss_block":2,"tacz:gun_smith_table":1,"farmersdelight:wild_onions":7,"minecraft:iron_ore":2,"supplementaries:flax":2,"minecraft:moss_carpet":1,"minecraft:potatoes":43,"minecraft:vine":1,"variantvanillablocks:spruce_crafting_table":3,"minecraft:stone":49,"bushierflowers:grown_poppy":1,"minecraft:white_wool":1,"create:limestone":1,"minecraft:flowering_azalea":1,"minecraft:brown_mushroom":1,"smarter_mobs:spider_web":2,"quark:blue_corundum":1,"minecraft:crafting_table":1,"minecraft:torch":8,"minecraft:rose_bush":1,"supplementaries:wild_flax":6,"farmersdelight:brown_mushroom_colony":1,"minecraft:copper_ore":2,"minecraft:tall_grass":1,"minecraft:cobblestone":1,"biomesoplenty:sprout":49,"minecraft:sugar_cane":6,"minecraft:wall_torch":4,"minecraft:blue_bed":1,"minecraft:big_dripleaf":1,"supplementaries:urn":4,"minecraft:wheat":11,"minecraft:sweet_berry_bush":43,"minecraft:lilac":2,"minecraft:spruce_log":145,"biomesoplenty:fir_log":1,"minecraft:grass":21,"minecraft:oak_log":11,"minecraft:coal_ore":1,"minecraft:sunflower":3,"minecraft:gravel":13,"minecraft:dirt":36,"minecraft:small_dripleaf":1,"minecraft:fern":2,"minecraft:oak_leaves":29,"minecraft:deepslate":10,"quark:hollow_spruce_log":3},"minecraft:crafted":{"minecraft:brick":48,"minecraft:oak_planks":12,"minecraft:furnace":1,"minecraft:bone_meal":12,"born_in_chaos_v1:fried_maggot":2,"minecraft:stone_pickaxe":2,"minecraft:bricks":4,"quark:spruce_chest":8,"minecraft:stone_hoe":1,"farmersdelight:stove":1,"minecraft:sugar":2,"variantvanillablocks:spruce_crafting_table":2,"minecraft:spruce_planks":120,"minecraft:baked_potato":9,"minecraft:wooden_pickaxe":1,"tacz:gun_smith_table":1,"minecraft:copper_ingot":13,"minecraft:campfire":1,"minecraft:stone_axe":1,"minecraft:air":0,"minecraft:string":2,"minecraft:white_wool":1,"minecraft:charcoal":3,"minecraft:shield":1,"minecraft:stick":36,"minecraft:gunpowder":3,"minecraft:iron_ingot":3,"minecraft:iron_pickaxe":2,"minecraft:wooden_axe":2,"minecraft:iron_block":1,"minecraft:stone_sword":2,"minecraft:iron_shovel":1,"minecraft:gold_ingot":2,"minecraft:white_bed":1,"minecraft:torch":136},"minecraft:killed":{"born_in_chaos_v1:zombie_clown":1,"minecraft:witch":1,"born_in_chaos_v1:restless_spirit":1,"minecraft:spider":2,"born_in_chaos_v1:siamese_skeletonsright":2,"born_in_chaos_v1:zombie_bruiser":3,"born_in_chaos_v1:maggot":4,"minecraft:skeleton":9,"minecraft:chicken":2,"creeperoverhaul:cave_creeper":1,"born_in_chaos_v1:corpse_fish":4,"born_in_chaos_v1:firelight_not_despawn":1,"minecraft:pig":6,"alexsmobs:grizzly_bear":1,"born_in_chaos_v1:baby_skeleton":2,"minecraft:creeper":1,"minecraft:sheep":8,"minecraft:pillager":2,"minecraft:zombie":12,"born_in_chaos_v1:dread_hound":1,"born_in_chaos_v1:corpse_fly":2,"born_in_chaos_v1:siamese_skeletonsleft":1,"minecraft:cow":3},"minecraft:dropped":{"minecraft:wheat_seeds":9,"minecraft:cooked_beef":2,"quark:blue_corundum":1,"minecraft:glow_ink_sac":3,"born_in_chaos_v1:fried_maggot":2,"minecraft:stick":4,"minecraft:torch":31,"minecraft:wooden_axe":1,"minecraft:white_wool":6,"minecraft:gold_ingot":3,"minecraft:bone":16,"minecraft:sweet_berries":35,"minecraft:cooked_chicken":4,"quark:blue_corundum_cluster":2,"born_in_chaos_v1:rotten_fish":15,"minecraft:chicken":2,"variantvanillablocks:spruce_crafting_table":1,"minecraft:leather_chestplate":1,"minecraft:potato":10,"minecraft:spruce_planks":26,"born_in_chaos_v1:corpse_maggot":1,"minecraft:leather_leggings":1,"minecraft:spruce_log":1,"minecraft:oak_leaves":3,"biomesoplenty:fir_log":1},"minecraft:broken":{"minecraft:stone_sword":1,"minecraft:stone_pickaxe":2,"minecraft:stone_axe":1,"minecraft:wooden_axe":1}},"DataVersion":3465}