{"stats":{"minecraft:used":{"minecraft:stone_sword":242,"minecraft:iron_shovel":82,"farmersdelight:stove":1,"tacz:gun_smith_table":2,"minecraft:decorated_pot":1,"minecraft:spruce_planks":157,"minecraft:stone":4,"minecraft:cooked_chicken":2,"minecraft:stone_hoe":119,"minecraft:torch":110,"minecraft:dirt":97,"minecraft:mutton":7,"minecraft:spruce_boat":1,"variantvanillablocks:spruce_crafting_table":4,"minecraft:wooden_axe":117,"quark:spruce_chest":8,"wom:iron_staff":181,"minecraft:sweet_berries":150,"quark:hollow_spruce_log":2,"minecraft:furnace":2,"minecraft:cooked_beef":3,"minecraft:potato":186,"minecraft:cobbled_deepslate":34,"minecraft:cooked_mutton":7,"epicfight:skillbook":1,"minecraft:wheat_seeds":26,"minecraft:leather_leggings":1,"minecraft:cobblestone_stairs":39,"minecraft:spruce_door":3,"minecraft:stone_pickaxe":63,"minecraft:baked_potato":39,"minecraft:leather_chestplate":1,"minecraft:blue_bed":2,"minecraft:wooden_pickaxe":6,"minecraft:white_wool":1,"minecraft:crafting_table":1,"minecraft:magenta_bed":1,"some_assembly_required:sandwich":8,"minecraft:white_bed":3,"travelersbackpack:wolf":12,"smarter_mobs:spider_web":1,"minecraft:spruce_log":15,"minecraft:apple":1,"minecraft:spruce_sapling":2,"biomesoplenty:glowing_moss_carpet":2,"minecraft:iron_pickaxe":484,"minecraft:deepslate":9,"minecraft:gravel":12,"supplementaries:flax_seeds":2,"minecraft:stone_axe":149,"born_in_chaos_v1:rotten_fish":1,"minecraft:cobblestone":66,"minecraft:porkchop":4,"minecraft:cooked_porkchop":6,"alexsmobs:animal_dictionary":2,"minecraft:bone_meal":10,"minecraft:azalea":1},"minecraft:broken":{"minecraft:stone_sword":1,"minecraft:stone_pickaxe":2,"minecraft:stone_axe":1,"minecraft:iron_pickaxe":2,"minecraft:wooden_axe":1},"minecraft:killed_by":{"born_in_chaos_v1:nightmare_stalker":3,"born_in_chaos_v1:zombie_bruiser":1,"born_in_chaos_v1:corpse_fly":1,"born_in_chaos_v1:fallen_chaos_knight":1,"alexsmobs:bison":1,"born_in_chaos_v1:siamese_skeletonsleft":1,"creeperoverhaul:cave_creeper":1,"minecraft:skeleton":1,"minecraft:zombie":1,"born_in_chaos_v1:corpse_fish":2,"born_in_chaos_v1:door_knight":1,"born_in_chaos_v1:dread_hound":1},"minecraft:custom":{"minecraft:mob_kills":114,"minecraft:interact_with_crafting_table":38,"minecraft:open_barrel":6,"minecraft:interact_with_campfire":4,"minecraft:damage_dealt_resisted":1201,"minecraft:leave_game":15,"minecraft:time_since_death":35788,"minecraft:climb_one_cm":809,"minecraft:sprint_one_cm":1643002,"minecraft:walk_one_cm":1620277,"minecraft:drop":60,"minecraft:damage_dealt_absorbed":20,"minecraft:play_time":381170,"minecraft:deaths":17,"minecraft:sneak_time":18706,"minecraft:walk_under_water_one_cm":25727,"minecraft:boat_one_cm":36556,"minecraft:jump":5034,"minecraft:interact_with_blast_furnace":2,"minecraft:walk_on_water_one_cm":63880,"minecraft:total_world_time":381170,"minecraft:interact_with_furnace":53,"minecraft:interact_with_cartography_table":1,"minecraft:sleep_in_bed":18,"minecraft:time_since_rest":2455,"minecraft:damage_taken":6969,"minecraft:damage_dealt":13765,"minecraft:swim_one_cm":95278,"minecraft:fly_one_cm":1519670,"minecraft:open_chest":136,"minecraft:crouch_one_cm":67597,"minecraft:fall_one_cm":80274},"minecraft:crafted":{"minecraft:brick":48,"minecraft:oak_planks":12,"minecraft:furnace":2,"minecraft:cobblestone_stairs":40,"minecraft:bone_meal":39,"born_in_chaos_v1:fried_maggot":2,"minecraft:stone_pickaxe":2,"minecraft:bricks":4,"quark:spruce_chest":8,"minecraft:stone_hoe":1,"farmersdelight:stove":1,"minecraft:sugar":2,"variantvanillablocks:spruce_crafting_table":3,"minecraft:spruce_planks":260,"minecraft:wooden_pickaxe":1,"minecraft:baked_potato":35,"tacz:gun_smith_table":1,"minecraft:copper_ingot":66,"minecraft:campfire":1,"minecraft:stone_axe":1,"minecraft:air":0,"minecraft:string":2,"minecraft:white_wool":1,"minecraft:charcoal":5,"minecraft:shield":1,"minecraft:stick":56,"minecraft:gunpowder":3,"minecraft:iron_ingot":57,"minecraft:iron_pickaxe":4,"minecraft:wooden_axe":2,"minecraft:iron_block":1,"minecraft:stone_sword":2,"minecraft:iron_shovel":1,"minecraft:gold_ingot":2,"wom:iron_staff":1,"minecraft:white_bed":1,"minecraft:torch":168},"minecraft:dropped":{"minecraft:wheat_seeds":9,"minecraft:cooked_beef":2,"quark:blue_corundum":1,"minecraft:glow_ink_sac":3,"born_in_chaos_v1:fried_maggot":2,"minecraft:stick":4,"minecraft:torch":31,"minecraft:wooden_axe":1,"minecraft:white_wool":6,"minecraft:gold_ingot":3,"minecraft:bone":16,"minecraft:sweet_berries":35,"minecraft:cooked_chicken":4,"quark:blue_corundum_cluster":2,"born_in_chaos_v1:rotten_fish":15,"minecraft:chicken":2,"variantvanillablocks:spruce_crafting_table":1,"minecraft:leather_chestplate":1,"minecraft:potato":10,"born_in_chaos_v1:corpse_maggot":1,"minecraft:spruce_planks":26,"minecraft:leather_leggings":1,"minecraft:spruce_log":1,"minecraft:oak_leaves":3,"biomesoplenty:fir_log":1},"minecraft:killed":{"born_in_chaos_v1:zombie_clown":1,"minecraft:witch":1,"born_in_chaos_v1:zombie_lumberjack":2,"born_in_chaos_v1:restless_spirit":1,"born_in_chaos_v1:skeleton_demoman":2,"minecraft:spider":5,"born_in_chaos_v1:siamese_skeletonsright":2,"born_in_chaos_v1:zombie_bruiser":3,"born_in_chaos_v1:maggot":9,"minecraft:skeleton":12,"minecraft:chicken":4,"creeperoverhaul:cave_creeper":1,"born_in_chaos_v1:corpse_fish":9,"born_in_chaos_v1:firelight_not_despawn":1,"born_in_chaos_v1:fallen_chaos_knight":1,"minecraft:pig":7,"alexsmobs:grizzly_bear":1,"born_in_chaos_v1:baby_skeleton":3,"born_in_chaos_v1:swarmer":1,"minecraft:creeper":1,"born_in_chaos_v1:decrepit_skeleton":3,"minecraft:sheep":8,"minecraft:pillager":2,"minecraft:zombie":21,"born_in_chaos_v1:dread_hound":2,"born_in_chaos_v1:corpse_fly":3,"born_in_chaos_v1:door_knight":1,"born_in_chaos_v1:siamese_skeletonsleft":1,"minecraft:cow":3},"minecraft:picked_up":{"minecraft:spruce_leaves":2,"minecraft:crafting_table":1,"minecraft:wheat":18,"minecraft:allium":13,"minecraft:chicken":4,"quark:hollow_spruce_log":2,"minecraft:leather_leggings":1,"minecraft:brown_mushroom":6,"minecraft:string":5,"minecraft:moss_carpet":7,"minecraft:raw_copper":407,"variantvanillablocks:spruce_crafting_table":3,"tacz:ammo":120,"minecraft:gold_nugget":50,"minecraft:cobbled_deepslate":45,"minecraft:bucket":1,"minecraft:spruce_planks":75,"minecraft:beef":8,"minecraft:azalea":3,"minecraft:poppy":1,"minecraft:light_gray_wool":1,"born_in_chaos_v1:stimulating_decoction":2,"minecraft:sugar_cane":14,"minecraft:egg":1,"minecraft:stick":39,"minecraft:raw_iron":142,"minecraft:stone":7,"minecraft:big_dripleaf":3,"minecraft:torch":61,"minecraft:farmland":1,"minecraft:porkchop":12,"epicfight:skillbook":3,"minecraft:cherry_log":3,"born_in_chaos_v1:pieceofdarkmetal":3,"minecraft:redstone":57,"supplementaries:flax":2,"minecraft:stone_sword":1,"minecraft:arrow":12,"minecraft:rotten_flesh":49,"minecraft:decorated_pot":1,"farmersdelight:onion":12,"minecraft:gold_ingot":1,"supplementaries:ash":12,"minecraft:mutton":11,"minecraft:white_wool":8,"minecraft:cobblestone":347,"born_in_chaos_v1:fused_bone":4,"born_in_chaos_v1:corpse_maggot":4,"farmersdelight:rich_soil":2,"minecraft:leather_chestplate":1,"minecraft:feather":4,"minecraft:lilac":2,"minecraft:cooked_beef":5,"minecraft:glow_ink_sac":5,"born_in_chaos_v1:monster_flesh":3,"minecraft:jungle_log":2,"minecraft:leather":5,"biomesoplenty:glowshroom":1,"smartermobs:zombie_block":3,"minecraft:potato":344,"alexsmobs:bear_fur":1,"biomesoplenty:fir_log":2,"create:raw_zinc":66,"minecraft:flint":2,"minecraft:tuff":6,"minecraft:oak_log":14,"supplementaries:flax_seeds":10,"minecraft:magenta_bed":1,"minecraft:cobblestone_stairs":5,"minecraft:gunpowder":12,"smarter_mobs:spider_web":5,"minecraft:blue_bed":2,"minecraft:lapis_lazuli":91,"minecraft:dirt":149,"minecraft:white_banner":1,"biomesoplenty:glowing_moss_carpet":4,"born_in_chaos_v1:monster_skin":1,"minecraft:cooked_mutton":7,"minecraft:bone":42,"minecraft:apple":1,"minecraft:wheat_seeds":62,"minecraft:raw_gold":19,"minecraft:iron_ingot":4,"minecraft:cooked_chicken":4,"tacz:gun_smith_table":1,"minecraft:moss_block":6,"minecraft:flowering_azalea":1,"create_connected:music_disc_interlude":1,"alexsmobs:bear_dust":1,"minecraft:cooked_porkchop":6,"minecraft:sweet_berries":119,"epicfight:stone_greatsword":1,"born_in_chaos_v1:ethereal_spirit":2,"minecraft:poisonous_potato":3,"minecraft:gravel":28,"minecraft:spruce_sapling":52,"minecraft:dark_oak_log":2,"minecraft:grass_block":1,"biomesoplenty:glowing_moss_block":1,"minecraft:white_bed":3,"minecraft:spruce_log":153,"minecraft:spruce_door":3,"quark:blue_corundum_cluster":2,"minecraft:spider_eye":3,"travelersbackpack:wolf":1,"minecraft:slime_ball":2,"some_assembly_required:sandwich":6,"born_in_chaos_v1:fire_dust":1,"minecraft:deepslate":9,"minecraft:diamond":4,"minecraft:spruce_boat":2,"tacz:modern_kinetic_gun":1,"minecraft:bone_meal":3,"minecraft:spruce_sign":1,"minecraft:coal":179,"born_in_chaos_v1:rotten_fish":12,"quark:blue_corundum":1,"minecraft:oak_sapling":13,"minecraft:oak_leaves":4,"minecraft:wooden_axe":1,"minecraft:sunflower":2},"minecraft:mined":{"create:zinc_ore":8,"biomesoplenty:glowing_moss_block":1,"minecraft:spruce_planks":15,"biomesoplenty:glowshroom":1,"farmersdelight:onions":2,"minecraft:white_bed":3,"farmersdelight:rich_soil":2,"minecraft:cobblestone_stairs":5,"minecraft:cave_vines_plant":1,"minecraft:grass_block":61,"minecraft:decorated_pot":1,"minecraft:spruce_leaves":4,"minecraft:moss_block":2,"tacz:gun_smith_table":1,"farmersdelight:wild_onions":7,"minecraft:iron_ore":2,"minecraft:fire":1,"supplementaries:flax":2,"minecraft:moss_carpet":1,"minecraft:potatoes":116,"minecraft:vine":1,"variantvanillablocks:spruce_crafting_table":3,"minecraft:stone":349,"bushierflowers:grown_poppy":1,"minecraft:white_wool":1,"create:limestone":1,"minecraft:podzol":1,"minecraft:flowering_azalea":1,"minecraft:brown_mushroom":1,"smarter_mobs:spider_web":4,"quark:blue_corundum":1,"minecraft:spruce_door":1,"minecraft:crafting_table":1,"minecraft:torch":21,"minecraft:rose_bush":1,"farmersdelight:brown_mushroom_colony":1,"supplementaries:wild_flax":6,"minecraft:tall_grass":1,"minecraft:copper_ore":2,"minecraft:cobblestone":2,"biomesoplenty:sprout":51,"minecraft:sugar_cane":6,"minecraft:big_dripleaf":1,"minecraft:wall_torch":17,"minecraft:blue_bed":2,"supplementaries:urn":10,"biomesoplenty:glowworm_silk_strand":1,"minecraft:magenta_bed":1,"minecraft:wheat":28,"minecraft:sweet_berry_bush":44,"minecraft:lilac":2,"minecraft:spruce_log":146,"biomesoplenty:fir_log":1,"minecraft:grass":25,"minecraft:coal_ore":1,"minecraft:oak_log":11,"minecraft:sunflower":3,"minecraft:gravel":14,"minecraft:dirt":58,"minecraft:small_dripleaf":1,"minecraft:gold_ore":1,"minecraft:fern":2,"minecraft:oak_leaves":29,"minecraft:deepslate":43,"quark:hollow_spruce_log":3}},"DataVersion":3465}