{"stats":{"minecraft:crafted":{"minecraft:brick":48,"minecraft:oak_planks":16,"minecraft:cobblestone_stairs":40,"biomesoplenty:glowflower":10,"minecraft:rail":48,"minecraft:bricks":4,"minecraft:stone_hoe":1,"farmersdelight:stove":1,"minecraft:emerald":105,"variantvanillablocks:spruce_crafting_table":6,"minecraft:spruce_planks":1436,"minecraft:baked_potato":305,"minecraft:wooden_pickaxe":1,"minecraft:spruce_door":6,"minecraft:copper_ingot":130,"minecraft:campfire":1,"variantvanillablocks:spruce_fletching_table":1,"minecraft:string":2,"minecraft:shield":1,"minecraft:charcoal":5,"variantvanillablocks:jungle_fletching_table":2,"minecraft:stick":3341,"minecraft:iron_ingot":139,"minecraft:iron_pickaxe":15,"minecraft:iron_block":1,"minecraft:stone_sword":2,"minecraft:gold_ingot":2,"aquaculture:iron_fishing_rod":1,"wom:iron_staff":2,"variantvanillablocks:dark_oak_fletching_table":1,"minecraft:fishing_rod":1,"minecraft:furnace":2,"minecraft:bone_meal":39,"biomesoplenty:tall_lavender":1,"minecraft:iron_axe":5,"born_in_chaos_v1:fried_maggot":2,"minecraft:stone_pickaxe":2,"minecraft:spruce_boat":2,"quark:spruce_chest":8,"minecraft:dark_oak_planks":532,"mm_cooking:item_plate":2,"minecraft:minecart":1,"minecraft:sugar":2,"minecraft:bowl":4,"tacz:gun_smith_table":1,"minecraft:stone_axe":1,"minecraft:jungle_planks":8,"minecraft:air":0,"minecraft:white_wool":1,"minecraft:gunpowder":3,"minecraft:wooden_axe":2,"minecraft:iron_shovel":2,"minecraft:white_bed":1,"minecraft:torch":384},"minecraft:used":{"minecraft:iron_shovel":148,"minecraft:decorated_pot":1,"farmersdelight:stove":2,"minecraft:stone":5,"minecraft:iron_chestplate":1,"minecraft:mutton":7,"minecraft:tuff":4,"wom:agony":192,"minecraft:spruce_boat":4,"variantvanillablocks:spruce_crafting_table":11,"born_in_chaos_v1:corpse_maggot":22,"born_in_chaos_v1:mint_candy":3,"wom:iron_staff":705,"farmersdelight:cutting_board":4,"minecraft:sweet_berries":150,"minecraft:furnace":4,"minecraft:potato":237,"epicfight:skillbook":1,"minecraft:mossy_stone_bricks":2,"minecraft:leather_leggings":1,"minecraft:spruce_door":16,"minecraft:stone_pickaxe":63,"minecraft:leather_chestplate":1,"minecraft:wooden_pickaxe":10,"minecraft:composter":8,"minecraft:blue_bed":9,"minecraft:white_wool":1,"some_assembly_required:sandwich":9,"cfm:magenta_kitchen_drawer":4,"minecraft:bread":1,"minecraft:deepslate":9,"minecraft:gravel":19,"biomesoplenty:glowing_moss_carpet":2,"supplementaries:flax_seeds":2,"born_in_chaos_v1:rotten_fish":1,"farmersdelight:spruce_cabinet":3,"minecraft:bone_meal":10,"minecraft:azalea":1,"minecraft:stone_sword":242,"tacz:gun_smith_table":2,"minecraft:spruce_planks":157,"minecraft:stone_hoe":119,"minecraft:cooked_chicken":4,"minecraft:torch":253,"create:ochrum":4,"minecraft:dirt":119,"cfm:magenta_kitchen_counter":15,"minecraft:wooden_axe":117,"aquaculture:iron_fishing_rod":23,"quark:spruce_chest":16,"minecraft:iron_axe":500,"variantvanillablocks:spruce_fletching_table":1,"variantvanillablocks:dark_oak_fletching_table":3,"epicfight:stone_greatsword":2,"quark:hollow_spruce_log":2,"farmersdelight:cooking_pot":1,"minecraft:minecart":9,"variantvanillablocks:jungle_fletching_table":2,"minecraft:cooked_beef":4,"minecraft:cobbled_deepslate":95,"minecraft:wheat_seeds":38,"minecraft:cooked_mutton":7,"born_in_chaos_v1:mint_ice_cream":1,"minecraft:cobblestone_stairs":49,"minecraft:baked_potato":155,"farmersdelight:onion":2,"minecraft:rail":96,"minecraft:magenta_bed":1,"minecraft:crafting_table":2,"minecraft:white_bed":3,"travelersbackpack:wolf":19,"smarter_mobs:spider_web":1,"minecraft:spruce_log":15,"minecraft:apple":1,"minecraft:iron_pickaxe":2089,"minecraft:spruce_trapdoor":5,"minecraft:spruce_sapling":2,"minecraft:stone_axe":149,"minecraft:fishing_rod":2,"minecraft:cobblestone":160,"minecraft:porkchop":4,"minecraft:cooked_porkchop":6,"alexsmobs:animal_dictionary":2},"minecraft:killed_by":{"born_in_chaos_v1:nightmare_stalker":3,"born_in_chaos_v1:zombie_bruiser":2,"born_in_chaos_v1:corpse_fly":1,"creeperoverhaul:cave_creeper":1,"cataclysm:deepling_brute":1,"minecraft:zombie":1,"minecraft:player":1,"born_in_chaos_v1:fallen_chaos_knight":1,"alexsmobs:bison":2,"born_in_chaos_v1:siamese_skeletonsleft":1,"minecraft:skeleton":1,"born_in_chaos_v1:corpse_fish":2,"born_in_chaos_v1:door_knight":3,"born_in_chaos_v1:dread_hound":1},"minecraft:killed":{"born_in_chaos_v1:zombie_clown":1,"minecraft:cave_spider":1,"minecraft:witch":2,"born_in_chaos_v1:zombie_lumberjack":3,"born_in_chaos_v1:restless_spirit":2,"born_in_chaos_v1:skeleton_demoman":2,"minecraft:spider":11,"born_in_chaos_v1:siamese_skeletonsright":3,"minecraft:skeleton":26,"minecraft:guardian":1,"minecraft:chicken":5,"creeperoverhaul:cave_creeper":3,"aquaculture:atlantic_herring":2,"born_in_chaos_v1:firelight_not_despawn":4,"minecraft:pig":7,"alexsmobs:grizzly_bear":1,"minecraft:creeper":2,"minecraft:sheep":11,"minecraft:trader_llama":2,"minecraft:pillager":7,"aquaculture:minnow":1,"minecraft:zombie":51,"born_in_chaos_v1:dread_hound":2,"born_in_chaos_v1:corpse_fly":16,"alexsmobs:fly":1,"born_in_chaos_v1:door_knight":2,"born_in_chaos_v1:siamese_skeletonsleft":2,"minecraft:cow":3,"aquaculture:bluegill":1,"born_in_chaos_v1:zombie_clown_not_despawn":1,"born_in_chaos_v1:zombie_bruiser":4,"born_in_chaos_v1:maggot":28,"alexsmobs:bison":1,"minecraft:drowned":4,"born_in_chaos_v1:corpse_fish":9,"born_in_chaos_v1:spiritof_chaos":1,"born_in_chaos_v1:fallen_chaos_knight":2,"born_in_chaos_v1:baby_skeleton":3,"born_in_chaos_v1:swarmer":4,"minecraft:wandering_trader":1,"born_in_chaos_v1:decrepit_skeleton":5,"born_in_chaos_v1:bloody_gadfly":1},"minecraft:mined":{"minecraft:large_amethyst_bud":1,"biomesoplenty:glowshroom":1,"minecraft:spruce_planks":30,"minecraft:white_bed":3,"farmersdelight:rich_soil":4,"minecraft:cobblestone_stairs":9,"minecraft:brewing_stand":2,"minecraft:spruce_trapdoor":4,"minecraft:granite":1,"minecraft:cave_vines_plant":1,"variantvanillablocks:dark_oak_fletching_table":2,"minecraft:stone_brick_wall":2,"minecraft:grass_block":86,"minecraft:composter":10,"tacz:gun_smith_table":1,"born_in_chaos_v1:pile_of_skulls":1,"minecraft:cobbled_deepslate":6,"minecraft:iron_ore":3,"minecraft:fire":5,"minecraft:moss_carpet":1,"minecraft:cave_vines":1,"minecraft:dirt_path":10,"minecraft:oak_stairs":1,"minecraft:iron_bars":1,"quark:limestone":4,"bushierflowers:grown_poppy":1,"create:limestone":1,"minecraft:brown_mushroom":4,"farmersdelight:organic_compost":5,"minecraft:kelp_plant":1,"minecraft:amethyst_cluster":1,"minecraft:clay":25,"minecraft:torch":41,"farmersdelight:brown_mushroom_colony":2,"supplementaries:wild_flax":6,"minecraft:cobblestone":30,"minecraft:sugar_cane":6,"minecraft:oak_planks":5,"minecraft:wall_torch":30,"biomesoplenty:glowworm_silk_strand":1,"farmersdelight:cutting_board":1,"minecraft:wheat":40,"aquamirae:wisteria_niveis":1,"minecraft:magenta_bed":2,"minecraft:lilac":15,"biomesoplenty:fir_log":1,"minecraft:grass":43,"minecraft:oak_log":13,"minecraft:dirt":109,"minecraft:oak_leaves":32,"minecraft:deepslate":654,"biomesoplenty:glowing_moss_block":1,"create:zinc_ore":8,"alexscaves:spelunkery_table":1,"minecraft:tuff":38,"farmersdelight:onions":6,"smartermobs:zombie_block":4,"minecraft:dark_oak_log":133,"minecraft:glow_lichen":1,"minecraft:decorated_pot":2,"born_in_chaos_v1:black_argillite":5,"minecraft:crimson_roots":1,"create:ochrum":12,"minecraft:spruce_leaves":6,"minecraft:kelp":4,"minecraft:moss_block":9,"minecraft:red_mushroom":1,"born_in_chaos_v1:gnawed_bones":1,"farmersdelight:wild_onions":7,"minecraft:furnace":2,"biomesoplenty:toadstool":2,"farmersdelight:spruce_cabinet":3,"supplementaries:flax":2,"minecraft:andesite":9,"minecraft:potatoes":174,"minecraft:vine":1,"minecraft:rail":98,"variantvanillablocks:spruce_crafting_table":8,"minecraft:stripped_oak_log":1,"minecraft:packed_ice":12,"minecraft:stone":960,"minecraft:white_wool":1,"farmersdelight:cooking_pot":1,"minecraft:podzol":1,"minecraft:flowering_azalea":4,"smarter_mobs:spider_web":4,"born_in_chaos_v1:marigolds":1,"quark:blue_corundum":1,"minecraft:snow_block":1,"minecraft:stone_brick_slab":1,"minecraft:spruce_door":9,"minecraft:crafting_table":2,"minecraft:emerald_ore":1,"minecraft:rose_bush":1,"minecraft:stone_slab":1,"cfm:magenta_kitchen_counter":14,"minecraft:tall_grass":5,"minecraft:copper_ore":2,"cfm:magenta_kitchen_drawer":4,"biomesoplenty:sprout":60,"minecraft:big_dripleaf":1,"minecraft:blue_bed":11,"supplementaries:urn":25,"minecraft:sweet_berry_bush":56,"minecraft:ice":2,"minecraft:spruce_log":411,"minecraft:birch_leaves":3,"minecraft:coal_ore":1,"quark:spruce_chest":8,"minecraft:sunflower":3,"minecraft:gravel":22,"minecraft:dripstone_block":7,"farmersdelight:stove":1,"minecraft:cracked_stone_bricks":1,"minecraft:stone_bricks":1,"minecraft:small_dripleaf":1,"minecraft:mossy_stone_bricks":1,"minecraft:gold_ore":3,"quark:hollow_spruce_log":3,"minecraft:fern":6},"minecraft:dropped":{"minecraft:cooked_beef":2,"minecraft:glow_ink_sac":3,"quark:blue_corundum":1,"minecraft:baked_potato":94,"born_in_chaos_v1:fried_maggot":2,"minecraft:glow_berries":3,"minecraft:leather":3,"aquaculture:minnow":1,"minecraft:cracked_stone_bricks":1,"minecraft:leather_helmet":1,"born_in_chaos_v1:monster_flesh":1,"minecraft:iron_pickaxe":3,"biomesoplenty:glowflower":10,"minecraft:white_wool":6,"minecraft:blue_bed":1,"minecraft:gold_ingot":3,"minecraft:bone":16,"minecraft:cooked_chicken":4,"minecraft:cobbled_deepslate":13,"minecraft:rotten_flesh":37,"variantvanillablocks:spruce_crafting_table":1,"minecraft:leather_chestplate":1,"aquaculture:bluegill":1,"born_in_chaos_v1:corpse_maggot":1,"minecraft:leather_leggings":1,"minecraft:arrow":2,"born_in_chaos_v1:marigolds":1,"minecraft:oak_leaves":3,"biomesoplenty:tall_lavender":1,"minecraft:bread":9,"minecraft:iron_ingot":1,"minecraft:wheat_seeds":10,"minecraft:lead":1,"minecraft:prismarine_crystals":1,"minecraft:cobblestone":5,"minecraft:granite":2,"minecraft:stick":4,"minecraft:magenta_bed":1,"minecraft:cobweb":12,"minecraft:torch":31,"minecraft:wooden_axe":1,"aquaculture:atlantic_herring":1,"born_in_chaos_v1:fused_bone":4,"minecraft:potion":3,"epicfight:stone_greatsword":1,"minecraft:stone_brick_slab":1,"minecraft:kelp":4,"minecraft:sweet_berries":35,"quark:blue_corundum_cluster":2,"minecraft:bowl":4,"born_in_chaos_v1:rotten_fish":15,"minecraft:chicken":2,"minecraft:potato":74,"minecraft:spruce_planks":26,"tacz:ammo":180,"minecraft:spruce_log":2,"minecraft:wooden_pickaxe":1,"minecraft:brick":3,"biomesoplenty:fir_log":1},"minecraft:picked_up":{"minecraft:wooden_axe":1,"minecraft:wheat":56,"minecraft:prismarine_shard":2,"quark:hollow_spruce_log":4,"minecraft:stone_slab":1,"minecraft:lead":8,"minecraft:enchanted_book":1,"minecraft:potion":3,"minecraft:brewing_stand":2,"farmersdelight:cutting_board":4,"aquaculture:muskellunge":2,"minecraft:string":17,"minecraft:raw_copper":735,"connectedglass:borderless_glass":8,"farmersdelight:cabbage":1,"minecraft:gold_nugget":94,"minecraft:cobbled_deepslate":581,"bosses_of_mass_destruction:soul_star":1,"minecraft:bucket":1,"minecraft:spruce_planks":92,"minecraft:white_tulip":1,"minecraft:rose_bush":12,"minecraft:azalea":4,"minecraft:iron_pickaxe":2,"born_in_chaos_v1:stimulating_decoction":5,"farmersdelight:cabbage_seeds":5,"minecraft:furnace":2,"minecraft:stick":148,"minecraft:composter":10,"minecraft:big_dripleaf":6,"minecraft:torch":142,"minecraft:farmland":2,"epicfight:skillbook":7,"minecraft:porkchop":14,"minecraft:cherry_log":3,"supplementaries:flax":2,"minecraft:stone_sword":3,"minecraft:rotten_flesh":103,"farmersdelight:onion":28,"create:ochrum":12,"minecraft:red_tulip":1,"supplementaries:ash":40,"minecraft:cod":7,"minecraft:snowball":4,"minecraft:cobblestone":931,"minecraft:leather_chestplate":1,"minecraft:lilac":27,"minecraft:feather":10,"minecraft:cooked_beef":5,"farmersdelight:rice":8,"minecraft:andesite":9,"minecraft:jungle_log":4,"biomesoplenty:glowshroom":2,"alexsmobs:bear_fur":2,"minecraft:potato":636,"alexsmobs:bison_fur":1,"biomesoplenty:fir_log":2,"minecraft:flint":4,"minecraft:tuff":46,"create:raw_zinc":158,"supplementaries:flax_seeds":22,"minecraft:magenta_bed":2,"minecraft:lapis_lazuli":132,"smarter_mobs:spider_web":9,"minecraft:dirt":242,"born_in_chaos_v1:monster_skin":2,"born_in_chaos_v1:marigolds":1,"minecraft:glass":1,"minecraft:bone":80,"minecraft:wheat_seeds":133,"minecraft:orange_tulip":2,"aquamirae:wisteria_niveis":1,"minecraft:raw_gold":59,"minecraft:mossy_stone_bricks":2,"tacz:gun_smith_table":1,"minecraft:moss_block":13,"minecraft:stone_hoe":1,"aquaculture:atlantic_herring":1,"biomesoplenty:toadstool":2,"aquaculture:gar":1,"create_connected:music_disc_interlude":2,"minecraft:cooked_porkchop":6,"farmersdelight:spruce_cabinet":3,"minecraft:poisonous_potato":6,"minecraft:stripped_spruce_log":1,"minecraft:grass_block":3,"cfm:magenta_kitchen_counter":15,"minecraft:lily_of_the_valley":2,"minecraft:dark_oak_log":135,"alexsmobs:animal_dictionary":2,"minecraft:clay":1,"some_assembly_required:sandwich":9,"born_in_chaos_v1:fire_dust":8,"minecraft:deepslate":17,"minecraft:diamond":38,"minecraft:spruce_boat":3,"minecraft:crossbow":1,"minecraft:granite":2,"minecraft:bone_meal":40,"minecraft:golden_apple":2,"minecraft:spruce_sign":1,"minecraft:bread":3,"minecraft:emerald":7,"born_in_chaos_v1:rotten_fish":16,"minecraft:oak_sapling":28,"minecraft:oak_leaves":6,"minecraft:spruce_leaves":2,"minecraft:charcoal":2,"minecraft:shelter_pottery_sherd":1,"minecraft:crafting_table":2,"minecraft:allium":59,"minecraft:azure_bluet":2,"minecraft:chicken":8,"minecraft:clay_ball":70,"minecraft:leather_leggings":1,"minecraft:brown_mushroom":20,"minecraft:wooden_pickaxe":1,"minecraft:stone_brick_wall":2,"minecraft:brick":3,"minecraft:shield":1,"minecraft:moss_carpet":7,"minecraft:iron_axe":1,"variantvanillablocks:spruce_crafting_table":10,"born_in_chaos_v1:intoxicating_decoction":2,"tacz:ammo":583,"minecraft:cracked_stone_bricks":1,"quark:spruce_chest":8,"aquaculture:bluegill":3,"minecraft:beef":24,"born_in_chaos_v1:gnawed_bones":1,"minecraft:poppy":2,"minecraft:light_gray_wool":2,"minecraft:minecart":9,"minecraft:sugar_cane":26,"minecraft:spruce_trapdoor":3,"minecraft:egg":8,"minecraft:dark_oak_sapling":97,"minecraft:raw_iron":267,"minecraft:stone":14,"minecraft:copper_ingot":47,"aquaculture:perch":3,"farmersdelight:tomato_seeds":2,"minecraft:trident":1,"born_in_chaos_v1:pieceofdarkmetal":7,"minecraft:redstone":97,"minecraft:prismarine_crystals":1,"cfm:magenta_kitchen_drawer":4,"minecraft:arrow":35,"minecraft:decorated_pot":1,"aquaculture:brown_trout":1,"artifacts:snowshoes":1,"alexscaves:spelunkery_table":1,"minecraft:pink_tulip":1,"aquaculture:carp":1,"minecraft:gold_ingot":1,"minecraft:mutton":11,"minecraft:bone_block":9,"minecraft:white_wool":11,"minecraft:rail":102,"born_in_chaos_v1:fused_bone":10,"born_in_chaos_v1:corpse_maggot":34,"farmersdelight:rich_soil":6,"minecraft:air":0,"born_in_chaos_v1:monster_flesh":5,"minecraft:glow_ink_sac":8,"minecraft:salmon":3,"minecraft:leather":7,"minecraft:red_mushroom":1,"smartermobs:zombie_block":8,"minecraft:oak_log":18,"minecraft:gunpowder":27,"minecraft:cobblestone_stairs":9,"farmersdelight:stuffed_pumpkin":2,"quark:limestone":4,"minecraft:blue_bed":11,"minecraft:white_banner":2,"biomesoplenty:glowing_moss_carpet":4,"farmersdelight:organic_compost":5,"minecraft:cooked_mutton":7,"minecraft:apple":12,"minecraft:stone_bricks":1,"farmersdelight:cooking_pot":1,"minecraft:kelp":9,"minecraft:iron_ingot":21,"minecraft:cooked_chicken":4,"minecraft:cobweb":12,"variantvanillablocks:dark_oak_fletching_table":2,"aquaculture:minnow":5,"minecraft:glass_bottle":2,"minecraft:flowering_azalea":4,"aquaculture:smallmouth_bass":1,"alexsmobs:bear_dust":2,"epicfight:stone_greatsword":2,"minecraft:sweet_berries":141,"minecraft:stone_brick_slab":1,"born_in_chaos_v1:ethereal_spirit":6,"minecraft:dandelion":2,"minecraft:dripstone_block":7,"minecraft:gravel":49,"minecraft:amethyst_shard":4,"minecraft:spruce_sapling":196,"minecraft:white_bed":4,"minecraft:spruce_log":596,"biomesoplenty:glowing_moss_block":2,"quark:blue_corundum_cluster":2,"minecraft:spruce_door":13,"minecraft:spider_eye":6,"travelersbackpack:wolf":1,"minecraft:slime_ball":7,"born_in_chaos_v1:pile_of_skulls":1,"tacz:modern_kinetic_gun":2,"minecraft:baked_potato":42,"quark:blue_corundum":1,"minecraft:black_wool":1,"farmersdelight:stove":1,"minecraft:coal":374,"minecraft:sunflower":11},"minecraft:broken":{"minecraft:iron_chestplate":1,"minecraft:stone_pickaxe":2,"minecraft:stone_axe":1,"minecraft:wooden_axe":1,"wom:iron_staff":1,"minecraft:stone_sword":1,"minecraft:iron_axe":1,"minecraft:iron_pickaxe":9,"minecraft:iron_helmet":1},"minecraft:custom":{"minecraft:animals_bred":4,"minecraft:interact_with_crafting_table":80,"minecraft:open_barrel":40,"minecraft:leave_game":27,"minecraft:time_since_death":183734,"minecraft:sprint_one_cm":3197272,"minecraft:drop":146,"minecraft:talked_to_villager":38,"minecraft:deaths":23,"minecraft:play_time":733213,"minecraft:jump":9065,"minecraft:walk_on_water_one_cm":134190,"minecraft:interact_with_furnace":91,"minecraft:traded_with_villager":111,"minecraft:interact_with_cartography_table":1,"minecraft:interact_with_loom":2,"minecraft:sleep_in_bed":39,"minecraft:damage_dealt":29962,"minecraft:player_kills":3,"minecraft:crouch_one_cm":128999,"minecraft:mob_kills":243,"minecraft:interact_with_campfire":4,"minecraft:damage_dealt_resisted":4940,"minecraft:climb_one_cm":3103,"minecraft:walk_one_cm":3233161,"minecraft:damage_dealt_absorbed":20,"minecraft:sneak_time":38376,"minecraft:walk_under_water_one_cm":156044,"minecraft:boat_one_cm":483167,"minecraft:interact_with_blast_furnace":3,"minecraft:total_world_time":733213,"minecraft:time_since_rest":8974,"minecraft:damage_taken":12914,"minecraft:damage_absorbed":40,"minecraft:swim_one_cm":308481,"minecraft:fly_one_cm":2912166,"minecraft:open_chest":311,"minecraft:fish_caught":21,"minecraft:fall_one_cm":161738}},"DataVersion":3465}