{"stats":{"minecraft:killed":{"born_in_chaos_v1:siamese_skeletonsright":1,"born_in_chaos_v1:maggot":2,"minecraft:chicken":2,"born_in_chaos_v1:corpse_fish":4,"born_in_chaos_v1:firelight_not_despawn":1,"minecraft:pig":3,"alexsmobs:grizzly_bear":1,"minecraft:sheep":3,"minecraft:pillager":2,"minecraft:zombie":1,"born_in_chaos_v1:dread_hound":1,"born_in_chaos_v1:corpse_fly":1,"born_in_chaos_v1:siamese_skeletonsleft":1,"minecraft:cow":3},"minecraft:crafted":{"minecraft:oak_planks":12,"minecraft:stone_pickaxe":2,"quark:spruce_chest":4,"minecraft:stone_hoe":1,"variantvanillablocks:spruce_crafting_table":1,"minecraft:spruce_planks":100,"minecraft:wooden_pickaxe":1,"minecraft:stone_axe":1,"minecraft:stick":20,"minecraft:iron_ingot":3,"minecraft:iron_pickaxe":1,"minecraft:wooden_axe":2,"minecraft:stone_sword":1,"minecraft:white_bed":1,"minecraft:torch":12},"minecraft:used":{"minecraft:stone_sword":41,"minecraft:spruce_planks":51,"minecraft:stone_hoe":16,"minecraft:cooked_chicken":2,"minecraft:torch":13,"minecraft:dirt":7,"minecraft:spruce_boat":1,"variantvanillablocks:spruce_crafting_table":1,"minecraft:wooden_axe":116,"quark:spruce_chest":4,"minecraft:sweet_berries":107,"quark:hollow_spruce_log":2,"minecraft:cooked_beef":3,"minecraft:potato":11,"minecraft:cooked_mutton":1,"epicfight:skillbook":1,"minecraft:leather_leggings":1,"minecraft:stone_pickaxe":63,"minecraft:wooden_pickaxe":6,"minecraft:leather_chestplate":1,"minecraft:blue_bed":1,"minecraft:crafting_table":1,"some_assembly_required:sandwich":8,"minecraft:spruce_log":13,"minecraft:iron_pickaxe":12,"minecraft:stone_axe":149,"born_in_chaos_v1:rotten_fish":1,"alexsmobs:animal_dictionary":2},"minecraft:dropped":{"minecraft:stick":4,"minecraft:wooden_axe":1,"minecraft:sweet_berries":11,"born_in_chaos_v1:rotten_fish":4,"minecraft:chicken":2,"variantvanillablocks:spruce_crafting_table":1,"minecraft:potato":10,"minecraft:spruce_planks":25,"minecraft:spruce_log":1},"minecraft:custom":{"minecraft:mob_kills":28,"minecraft:interact_with_crafting_table":16,"minecraft:interact_with_campfire":4,"minecraft:leave_game":7,"minecraft:time_since_death":14699,"minecraft:climb_one_cm":0,"minecraft:sprint_one_cm":665116,"minecraft:walk_one_cm":617402,"minecraft:drop":32,"minecraft:play_time":158403,"minecraft:deaths":2,"minecraft:sneak_time":4027,"minecraft:walk_under_water_one_cm":13211,"minecraft:boat_one_cm":36556,"minecraft:jump":1796,"minecraft:walk_on_water_one_cm":22422,"minecraft:total_world_time":158403,"minecraft:interact_with_furnace":7,"minecraft:sleep_in_bed":7,"minecraft:time_since_rest":10002,"minecraft:damage_taken":1289,"minecraft:damage_dealt":3638,"minecraft:swim_one_cm":39076,"minecraft:fly_one_cm":623342,"minecraft:open_chest":25,"minecraft:crouch_one_cm":12206,"minecraft:fall_one_cm":29014},"minecraft:mined":{"minecraft:spruce_planks":8,"farmersdelight:rich_soil":2,"minecraft:grass_block":8,"minecraft:spruce_leaves":4,"minecraft:moss_block":2,"farmersdelight:wild_onions":5,"minecraft:iron_ore":1,"minecraft:moss_carpet":1,"minecraft:potatoes":1,"minecraft:vine":1,"variantvanillablocks:spruce_crafting_table":1,"minecraft:stone":31,"bushierflowers:grown_poppy":1,"minecraft:flowering_azalea":1,"minecraft:brown_mushroom":1,"minecraft:crafting_table":1,"minecraft:rose_bush":1,"farmersdelight:brown_mushroom_colony":1,"supplementaries:wild_flax":6,"minecraft:copper_ore":2,"biomesoplenty:sprout":39,"minecraft:sugar_cane":5,"minecraft:wall_torch":3,"minecraft:blue_bed":1,"minecraft:sweet_berry_bush":43,"minecraft:spruce_log":145,"biomesoplenty:fir_log":1,"minecraft:grass":15,"minecraft:oak_log":11,"minecraft:coal_ore":1,"minecraft:dirt":24,"minecraft:oak_leaves":29,"quark:hollow_spruce_log":3,"minecraft:fern":2},"minecraft:broken":{"minecraft:stone_pickaxe":2,"minecraft:stone_axe":1,"minecraft:wooden_axe":1},"minecraft:picked_up":{"minecraft:wooden_axe":1,"minecraft:spruce_leaves":2,"minecraft:crafting_table":1,"minecraft:allium":9,"minecraft:chicken":2,"quark:hollow_spruce_log":2,"minecraft:brown_mushroom":6,"minecraft:raw_copper":221,"minecraft:moss_carpet":7,"variantvanillablocks:spruce_crafting_table":1,"minecraft:spruce_planks":53,"minecraft:beef":8,"minecraft:azalea":2,"minecraft:light_gray_wool":1,"minecraft:poppy":1,"minecraft:sugar_cane":12,"minecraft:stick":37,"minecraft:raw_iron":28,"minecraft:torch":3,"epicfight:skillbook":1,"minecraft:porkchop":6,"minecraft:rotten_flesh":2,"farmersdelight:onion":5,"minecraft:mutton":4,"minecraft:white_wool":2,"minecraft:cobblestone":38,"born_in_chaos_v1:fused_bone":2,"born_in_chaos_v1:corpse_maggot":1,"farmersdelight:rich_soil":2,"minecraft:feather":1,"minecraft:cooked_beef":3,"born_in_chaos_v1:monster_flesh":1,"minecraft:glow_ink_sac":3,"minecraft:leather":5,"minecraft:potato":23,"biomesoplenty:fir_log":1,"alexsmobs:bear_fur":1,"minecraft:oak_log":11,"supplementaries:flax_seeds":6,"smarter_mobs:spider_web":1,"minecraft:blue_bed":1,"minecraft:dirt":28,"minecraft:white_banner":1,"biomesoplenty:glowing_moss_carpet":2,"minecraft:cooked_mutton":1,"minecraft:bone":5,"minecraft:apple":1,"minecraft:wheat_seeds":2,"minecraft:moss_block":5,"minecraft:flowering_azalea":1,"alexsmobs:bear_dust":1,"minecraft:sweet_berries":116,"minecraft:gravel":1,"minecraft:spruce_sapling":51,"minecraft:spruce_log":149,"some_assembly_required:sandwich":6,"born_in_chaos_v1:fire_dust":1,"minecraft:spruce_boat":2,"minecraft:bone_meal":2,"minecraft:oak_sapling":13,"born_in_chaos_v1:rotten_fish":8,"minecraft:coal":145},"minecraft:killed_by":{"alexsmobs:bison":1}},"DataVersion":3465}