{"stats":{"minecraft:killed_by":{"alexsmobs:bison":1},"minecraft:used":{"minecraft:cooked_mutton":1,"minecraft:stone_pickaxe":14,"minecraft:spruce_planks":28,"minecraft:wooden_pickaxe":3,"minecraft:blue_bed":1,"minecraft:stone_hoe":16,"minecraft:torch":1,"minecraft:crafting_table":1,"some_assembly_required:sandwich":2,"minecraft:spruce_log":2,"variantvanillablocks:spruce_crafting_table":1,"minecraft:wooden_axe":113,"quark:spruce_chest":4,"minecraft:sweet_berries":15,"minecraft:cooked_beef":3,"minecraft:potato":11},"minecraft:picked_up":{"minecraft:wooden_axe":1,"minecraft:crafting_table":1,"minecraft:feather":1,"minecraft:cooked_beef":3,"minecraft:chicken":2,"minecraft:leather":5,"minecraft:potato":19,"biomesoplenty:fir_log":1,"minecraft:oak_log":3,"minecraft:blue_bed":1,"minecraft:dirt":1,"minecraft:white_banner":1,"minecraft:raw_copper":29,"variantvanillablocks:spruce_crafting_table":1,"minecraft:cooked_mutton":1,"minecraft:spruce_planks":52,"minecraft:beef":8,"minecraft:poppy":1,"minecraft:light_gray_wool":1,"minecraft:stick":15,"minecraft:sweet_berries":9,"minecraft:spruce_sapling":21,"minecraft:spruce_log":59,"some_assembly_required:sandwich":2,"minecraft:oak_sapling":1,"minecraft:mutton":4,"minecraft:coal":62,"minecraft:white_wool":2,"minecraft:cobblestone":16},"minecraft:custom":{"minecraft:mob_kills":9,"minecraft:interact_with_crafting_table":8,"minecraft:interact_with_campfire":4,"minecraft:leave_game":4,"minecraft:time_since_death":23226,"minecraft:sleep_in_bed":3,"minecraft:time_since_rest":3348,"minecraft:sprint_one_cm":265249,"minecraft:walk_one_cm":261101,"minecraft:damage_taken":435,"minecraft:drop":13,"minecraft:damage_dealt":1015,"minecraft:swim_one_cm":280,"minecraft:fly_one_cm":259668,"minecraft:open_chest":2,"minecraft:crouch_one_cm":497,"minecraft:play_time":97525,"minecraft:deaths":1,"minecraft:sneak_time":768,"minecraft:walk_under_water_one_cm":671,"minecraft:jump":741,"minecraft:walk_on_water_one_cm":267,"minecraft:total_world_time":97525,"minecraft:fall_one_cm":13148},"minecraft:mined":{"minecraft:spruce_planks":8,"minecraft:crafting_table":1,"minecraft:grass_block":2,"minecraft:rose_bush":1,"biomesoplenty:sprout":32,"minecraft:spruce_leaves":2,"minecraft:blue_bed":1,"minecraft:spruce_log":59,"biomesoplenty:fir_log":1,"minecraft:grass":13,"minecraft:oak_log":3,"variantvanillablocks:spruce_crafting_table":1,"minecraft:stone":15,"minecraft:oak_leaves":4},"minecraft:crafted":{"variantvanillablocks:spruce_crafting_table":1,"minecraft:spruce_planks":72,"minecraft:wooden_pickaxe":1,"minecraft:stick":16,"minecraft:stone_pickaxe":1,"minecraft:wooden_axe":2,"quark:spruce_chest":4,"minecraft:torch":12,"minecraft:stone_hoe":1},"minecraft:killed":{"minecraft:sheep":3,"minecraft:pillager":1,"minecraft:chicken":2,"minecraft:cow":3},"minecraft:dropped":{"variantvanillablocks:spruce_crafting_table":1,"minecraft:stick":4,"minecraft:potato":8,"minecraft:spruce_planks":24,"minecraft:wooden_axe":1,"minecraft:spruce_log":1}},"DataVersion":3465}