{"stats":{"minecraft:killed":{"alexsmobs:grizzly_bear":1,"minecraft:sheep":3,"minecraft:pillager":1,"born_in_chaos_v1:dread_hound":1,"minecraft:chicken":2,"born_in_chaos_v1:corpse_fish":2,"minecraft:cow":3},"minecraft:crafted":{"minecraft:oak_planks":12,"variantvanillablocks:spruce_crafting_table":1,"minecraft:spruce_planks":96,"minecraft:wooden_pickaxe":1,"minecraft:stone_axe":1,"minecraft:stick":20,"minecraft:stone_pickaxe":2,"minecraft:wooden_axe":2,"quark:spruce_chest":4,"minecraft:torch":12,"minecraft:stone_hoe":1},"minecraft:used":{"minecraft:cooked_mutton":1,"minecraft:leather_leggings":1,"minecraft:stone_pickaxe":59,"minecraft:spruce_planks":51,"minecraft:leather_chestplate":1,"minecraft:wooden_pickaxe":3,"minecraft:blue_bed":1,"minecraft:stone_hoe":16,"minecraft:cooked_chicken":2,"minecraft:torch":3,"minecraft:dirt":2,"minecraft:crafting_table":1,"some_assembly_required:sandwich":8,"minecraft:spruce_log":13,"variantvanillablocks:spruce_crafting_table":1,"minecraft:wooden_axe":116,"quark:spruce_chest":4,"minecraft:stone_axe":149,"minecraft:sweet_berries":62,"minecraft:cooked_beef":3,"minecraft:potato":11},"minecraft:dropped":{"born_in_chaos_v1:rotten_fish":4,"minecraft:chicken":2,"variantvanillablocks:spruce_crafting_table":1,"minecraft:stick":4,"minecraft:potato":10,"minecraft:spruce_planks":25,"minecraft:wooden_axe":1,"minecraft:spruce_log":1},"minecraft:mined":{"minecraft:spruce_planks":8,"minecraft:brown_mushroom":1,"farmersdelight:rich_soil":2,"minecraft:crafting_table":1,"minecraft:grass_block":8,"minecraft:rose_bush":1,"supplementaries:wild_flax":6,"farmersdelight:brown_mushroom_colony":1,"minecraft:copper_ore":2,"minecraft:spruce_leaves":4,"biomesoplenty:sprout":39,"minecraft:blue_bed":1,"minecraft:wall_torch":2,"farmersdelight:wild_onions":5,"minecraft:sweet_berry_bush":22,"minecraft:spruce_log":145,"biomesoplenty:fir_log":1,"minecraft:grass":14,"minecraft:coal_ore":1,"minecraft:potatoes":1,"minecraft:oak_log":11,"minecraft:vine":1,"variantvanillablocks:spruce_crafting_table":1,"minecraft:dirt":24,"minecraft:stone":26,"minecraft:oak_leaves":29,"minecraft:fern":1},"minecraft:custom":{"minecraft:interact_with_furnace":2,"minecraft:mob_kills":14,"minecraft:interact_with_crafting_table":11,"minecraft:interact_with_campfire":4,"minecraft:time_since_death":60104,"minecraft:leave_game":7,"minecraft:sleep_in_bed":5,"minecraft:time_since_rest":10631,"minecraft:sprint_one_cm":509535,"minecraft:damage_taken":842,"minecraft:walk_one_cm":494361,"minecraft:drop":21,"minecraft:damage_dealt":1977,"minecraft:swim_one_cm":14058,"minecraft:fly_one_cm":533131,"minecraft:open_chest":19,"minecraft:crouch_one_cm":3249,"minecraft:play_time":134403,"minecraft:deaths":1,"minecraft:sneak_time":2465,"minecraft:walk_under_water_one_cm":1045,"minecraft:boat_one_cm":17686,"minecraft:jump":1476,"minecraft:walk_on_water_one_cm":6709,"minecraft:total_world_time":134403,"minecraft:fall_one_cm":23689},"minecraft:broken":{"minecraft:stone_pickaxe":1,"minecraft:stone_axe":1,"minecraft:wooden_axe":1},"minecraft:picked_up":{"minecraft:wooden_axe":1,"farmersdelight:rich_soil":2,"minecraft:crafting_table":1,"minecraft:allium":9,"minecraft:feather":1,"minecraft:cooked_beef":3,"born_in_chaos_v1:monster_flesh":1,"minecraft:chicken":2,"minecraft:leather":5,"minecraft:brown_mushroom":6,"minecraft:potato":23,"alexsmobs:bear_fur":1,"biomesoplenty:fir_log":1,"minecraft:oak_log":11,"supplementaries:flax_seeds":6,"minecraft:dirt":27,"minecraft:blue_bed":1,"smarter_mobs:spider_web":1,"minecraft:white_banner":1,"minecraft:raw_copper":221,"variantvanillablocks:spruce_crafting_table":1,"minecraft:cooked_mutton":1,"minecraft:bone":5,"minecraft:apple":1,"minecraft:wheat_seeds":1,"minecraft:spruce_planks":53,"minecraft:beef":8,"minecraft:poppy":1,"minecraft:light_gray_wool":1,"minecraft:stick":36,"minecraft:raw_iron":2,"alexsmobs:bear_dust":1,"minecraft:sweet_berries":60,"minecraft:torch":2,"minecraft:spruce_sapling":51,"minecraft:spruce_log":145,"minecraft:rotten_flesh":1,"some_assembly_required:sandwich":6,"farmersdelight:onion":5,"minecraft:bone_meal":2,"born_in_chaos_v1:rotten_fish":6,"minecraft:oak_sapling":13,"minecraft:mutton":4,"minecraft:coal":131,"minecraft:white_wool":2,"minecraft:cobblestone":27},"minecraft:killed_by":{"alexsmobs:bison":1}},"DataVersion":3465}