{"stats":{"minecraft:killed":{"minecraft:spider":1,"born_in_chaos_v1:siamese_skeletonsright":1,"born_in_chaos_v1:maggot":2,"minecraft:skeleton":2,"minecraft:chicken":2,"born_in_chaos_v1:corpse_fish":4,"born_in_chaos_v1:firelight_not_despawn":1,"minecraft:pig":6,"alexsmobs:grizzly_bear":1,"born_in_chaos_v1:baby_skeleton":1,"minecraft:sheep":8,"minecraft:pillager":2,"minecraft:zombie":1,"born_in_chaos_v1:dread_hound":1,"born_in_chaos_v1:corpse_fly":1,"born_in_chaos_v1:siamese_skeletonsleft":1,"minecraft:cow":3},"minecraft:crafted":{"minecraft:oak_planks":12,"minecraft:stone_pickaxe":2,"quark:spruce_chest":4,"minecraft:stone_hoe":1,"variantvanillablocks:spruce_crafting_table":1,"minecraft:spruce_planks":100,"minecraft:baked_potato":5,"minecraft:wooden_pickaxe":1,"minecraft:stone_axe":1,"minecraft:air":0,"minecraft:string":2,"minecraft:white_wool":1,"minecraft:stick":20,"minecraft:iron_ingot":3,"minecraft:iron_pickaxe":1,"minecraft:wooden_axe":2,"minecraft:stone_sword":1,"minecraft:gold_ingot":2,"minecraft:white_bed":1,"minecraft:torch":136},"minecraft:used":{"minecraft:stone_sword":79,"minecraft:decorated_pot":1,"minecraft:spruce_planks":51,"minecraft:stone_hoe":105,"minecraft:cooked_chicken":2,"minecraft:torch":27,"minecraft:dirt":15,"minecraft:mutton":7,"minecraft:spruce_boat":1,"variantvanillablocks:spruce_crafting_table":1,"minecraft:wooden_axe":116,"quark:spruce_chest":4,"minecraft:sweet_berries":122,"quark:hollow_spruce_log":2,"minecraft:cooked_beef":3,"minecraft:potato":25,"minecraft:cooked_mutton":1,"epicfight:skillbook":1,"minecraft:leather_leggings":1,"minecraft:stone_pickaxe":63,"minecraft:baked_potato":9,"minecraft:wooden_pickaxe":6,"minecraft:leather_chestplate":1,"minecraft:blue_bed":1,"minecraft:crafting_table":1,"minecraft:white_bed":3,"some_assembly_required:sandwich":8,"travelersbackpack:wolf":3,"smarter_mobs:spider_web":1,"minecraft:spruce_log":13,"minecraft:iron_pickaxe":74,"supplementaries:flax_seeds":2,"minecraft:stone_axe":149,"minecraft:cobblestone":39,"born_in_chaos_v1:rotten_fish":1,"minecraft:porkchop":4,"alexsmobs:animal_dictionary":2,"minecraft:bone_meal":4},"minecraft:dropped":{"quark:blue_corundum":1,"minecraft:glow_ink_sac":3,"minecraft:stick":4,"minecraft:wooden_axe":1,"minecraft:white_wool":6,"minecraft:gold_ingot":3,"minecraft:bone":16,"minecraft:sweet_berries":35,"quark:blue_corundum_cluster":2,"born_in_chaos_v1:rotten_fish":15,"minecraft:chicken":2,"variantvanillablocks:spruce_crafting_table":1,"minecraft:leather_chestplate":1,"minecraft:potato":10,"minecraft:spruce_planks":26,"born_in_chaos_v1:corpse_maggot":1,"minecraft:leather_leggings":1,"minecraft:spruce_log":1},"minecraft:custom":{"minecraft:mob_kills":40,"minecraft:interact_with_crafting_table":17,"minecraft:open_barrel":1,"minecraft:interact_with_campfire":4,"minecraft:leave_game":7,"minecraft:time_since_death":56699,"minecraft:climb_one_cm":0,"minecraft:sprint_one_cm":935087,"minecraft:walk_one_cm":787037,"minecraft:drop":47,"minecraft:play_time":200403,"minecraft:deaths":2,"minecraft:sneak_time":6031,"minecraft:walk_under_water_one_cm":15596,"minecraft:boat_one_cm":36556,"minecraft:jump":2647,"minecraft:walk_on_water_one_cm":33338,"minecraft:total_world_time":200403,"minecraft:interact_with_furnace":12,"minecraft:sleep_in_bed":10,"minecraft:time_since_rest":11661,"minecraft:damage_taken":1554,"minecraft:damage_dealt":4955,"minecraft:swim_one_cm":80697,"minecraft:fly_one_cm":879040,"minecraft:open_chest":47,"minecraft:crouch_one_cm":20835,"minecraft:fall_one_cm":43747},"minecraft:mined":{"create:zinc_ore":8,"farmersdelight:onions":1,"minecraft:white_bed":3,"minecraft:spruce_planks":8,"farmersdelight:rich_soil":2,"minecraft:grass_block":10,"minecraft:decorated_pot":1,"minecraft:spruce_leaves":4,"minecraft:moss_block":2,"farmersdelight:wild_onions":7,"minecraft:iron_ore":1,"supplementaries:flax":2,"minecraft:moss_carpet":1,"minecraft:potatoes":27,"minecraft:vine":1,"variantvanillablocks:spruce_crafting_table":1,"minecraft:stone":44,"bushierflowers:grown_poppy":1,"create:limestone":1,"minecraft:flowering_azalea":1,"minecraft:brown_mushroom":1,"smarter_mobs:spider_web":1,"quark:blue_corundum":1,"minecraft:crafting_table":1,"minecraft:rose_bush":1,"farmersdelight:brown_mushroom_colony":1,"supplementaries:wild_flax":6,"minecraft:copper_ore":2,"minecraft:cobblestone":1,"biomesoplenty:sprout":48,"minecraft:sugar_cane":6,"minecraft:wall_torch":3,"minecraft:blue_bed":1,"supplementaries:urn":4,"minecraft:sweet_berry_bush":43,"minecraft:lilac":2,"minecraft:spruce_log":145,"biomesoplenty:fir_log":1,"minecraft:grass":18,"minecraft:oak_log":11,"minecraft:coal_ore":1,"minecraft:sunflower":1,"minecraft:dirt":24,"minecraft:deepslate":10,"minecraft:oak_leaves":29,"quark:hollow_spruce_log":3,"minecraft:fern":2},"minecraft:broken":{"minecraft:stone_pickaxe":2,"minecraft:stone_axe":1,"minecraft:wooden_axe":1},"minecraft:picked_up":{"minecraft:wooden_axe":1,"minecraft:spruce_leaves":2,"minecraft:crafting_table":1,"minecraft:allium":13,"minecraft:chicken":2,"quark:hollow_spruce_log":2,"minecraft:leather_leggings":1,"minecraft:brown_mushroom":6,"minecraft:string":2,"minecraft:raw_copper":221,"minecraft:moss_carpet":7,"variantvanillablocks:spruce_crafting_table":1,"minecraft:gold_nugget":22,"minecraft:cobbled_deepslate":6,"minecraft:spruce_planks":53,"minecraft:beef":8,"minecraft:azalea":2,"minecraft:light_gray_wool":1,"minecraft:poppy":1,"minecraft:sugar_cane":14,"minecraft:stick":37,"minecraft:raw_iron":86,"minecraft:torch":13,"epicfight:skillbook":1,"minecraft:porkchop":10,"minecraft:redstone":38,"supplementaries:flax":2,"minecraft:arrow":2,"minecraft:stone_sword":1,"minecraft:rotten_flesh":2,"minecraft:decorated_pot":1,"farmersdelight:onion":8,"minecraft:gold_ingot":1,"minecraft:mutton":11,"minecraft:white_wool":7,"minecraft:cobblestone":52,"born_in_chaos_v1:fused_bone":2,"minecraft:lilac":2,"born_in_chaos_v1:corpse_maggot":1,"farmersdelight:rich_soil":2,"minecraft:leather_chestplate":1,"minecraft:feather":1,"minecraft:cooked_beef":3,"born_in_chaos_v1:monster_flesh":1,"minecraft:glow_ink_sac":5,"minecraft:leather":5,"minecraft:potato":46,"biomesoplenty:fir_log":1,"alexsmobs:bear_fur":1,"create:raw_zinc":42,"minecraft:oak_log":11,"supplementaries:flax_seeds":10,"smarter_mobs:spider_web":1,"minecraft:blue_bed":1,"minecraft:dirt":30,"minecraft:white_banner":1,"biomesoplenty:glowing_moss_carpet":2,"minecraft:cooked_mutton":1,"minecraft:bone":11,"minecraft:apple":1,"minecraft:wheat_seeds":3,"minecraft:raw_gold":5,"minecraft:moss_block":5,"minecraft:flowering_azalea":1,"alexsmobs:bear_dust":1,"minecraft:sweet_berries":116,"minecraft:gravel":1,"minecraft:spruce_sapling":51,"minecraft:white_bed":3,"minecraft:spruce_log":149,"quark:blue_corundum_cluster":2,"minecraft:spider_eye":1,"travelersbackpack:wolf":1,"some_assembly_required:sandwich":6,"born_in_chaos_v1:fire_dust":1,"minecraft:spruce_boat":2,"minecraft:bone_meal":2,"minecraft:oak_sapling":13,"born_in_chaos_v1:rotten_fish":8,"quark:blue_corundum":1,"minecraft:coal":145,"minecraft:sunflower":1},"minecraft:killed_by":{"alexsmobs:bison":1}},"DataVersion":3465}