{"stats":{"minecraft:used":{"farmersdelight:cabbage_seeds":17,"minecraft:diamond_hoe":21,"minecraft:white_concrete_powder":20,"minecraft:decorated_pot":1,"farmersdelight:stove":2,"minecraft:iron_sword":120,"farmersdelight:sweet_berry_cheesecake":2,"minecraft:iron_chestplate":1,"minecraft:mutton":4,"minecraft:carrot":8,"minecraft:spruce_boat":16,"variantvanillablocks:spruce_crafting_table":8,"biomesoplenty:fir_sapling":10,"farmersdelight:cutting_board":2,"minecraft:sweet_berries":27,"minecraft:furnace":1,"minecraft:beetroot_seeds":6,"minecraft:egg":3,"minecraft:potato":73,"minecraft:spruce_door":5,"minecraft:stone_pickaxe":48,"minecraft:wooden_pickaxe":34,"minecraft:sugar_cane":9,"minecraft:diamond_axe":682,"minecraft:blue_bed":1,"farmersdelight:organic_compost":5,"minecraft:sand":4,"farmersdelight:stuffed_pumpkin":5,"some_assembly_required:sandwich":8,"farmersdelight:rice":2,"cfm:magenta_kitchen_drawer":6,"minecraft:pumpkin_seeds":9,"minecraft:bread":26,"minecraft:lilac":39,"supplementaries:flax_seeds":1,"minecraft:wooden_sword":31,"born_in_chaos_v1:rotten_fish":1,"farmersdelight:spruce_cabinet":14,"minecraft:stone_sword":84,"minecraft:armor_stand":2,"minecraft:stone_shovel":791,"minecraft:spruce_planks":238,"born_in_chaos_v1:fried_maggot":2,"minecraft:stone_hoe":96,"minecraft:stick":1,"minecraft:torch":98,"minecraft:dirt":258,"cfm:magenta_kitchen_counter":14,"minecraft:spruce_fence":42,"farmersdelight:stuffed_pumpkin_block":3,"minecraft:wooden_axe":108,"quark:spruce_chest":10,"minecraft:iron_axe":823,"minecraft:melon_seeds":4,"alexscaves:spelunkery_table":1,"quark:hollow_spruce_log":1,"farmersdelight:cooking_pot":2,"minecraft:cooked_beef":8,"farmersdelight:tomato_seeds":9,"minecraft:pumpkin":1,"travelersbackpack:fox":18,"minecraft:wheat_seeds":40,"minecraft:water_bucket":5,"farmersdelight:skillet":1,"minecraft:baked_potato":111,"minecraft:brown_mushroom":7,"minecraft:spruce_sign":4,"minecraft:spruce_fence_gate":1,"farmersdelight:onion":28,"minecraft:magenta_bed":7,"minecraft:red_mushroom":3,"minecraft:cake":1,"minecraft:spruce_log":3,"minecraft:oak_log":1,"minecraft:flower_pot":3,"supplementaries:cage":4,"minecraft:iron_pickaxe":254,"minecraft:spruce_trapdoor":3,"minecraft:spruce_sapling":121,"biomesoplenty:toadstool":1,"minecraft:stone_axe":153,"minecraft:cobblestone":211,"quark:spruce_ladder":8,"minecraft:white_banner":2,"minecraft:bucket":7},"minecraft:custom":{"minecraft:animals_bred":9,"minecraft:interact_with_crafting_table":193,"minecraft:open_barrel":9,"minecraft:bell_ring":2,"minecraft:leave_game":20,"minecraft:time_since_death":8279,"minecraft:sprint_one_cm":4559150,"minecraft:drop":274,"minecraft:talked_to_villager":4,"minecraft:deaths":10,"minecraft:play_time":712420,"minecraft:jump":7351,"minecraft:walk_on_water_one_cm":75107,"minecraft:interact_with_furnace":69,"minecraft:sleep_in_bed":61,"minecraft:damage_dealt":6609,"minecraft:player_kills":2,"minecraft:crouch_one_cm":13675,"minecraft:mob_kills":58,"minecraft:damage_dealt_resisted":24,"minecraft:climb_one_cm":7070,"minecraft:walk_one_cm":1792494,"minecraft:sneak_time":7417,"minecraft:walk_under_water_one_cm":11025,"minecraft:boat_one_cm":983339,"minecraft:total_world_time":712420,"minecraft:pot_flower":3,"minecraft:interact_with_stonecutter":1,"minecraft:time_since_rest":7719,"minecraft:damage_taken":5669,"minecraft:swim_one_cm":64173,"minecraft:fly_one_cm":1848953,"minecraft:open_chest":432,"minecraft:fall_one_cm":113273},"minecraft:mined":{"minecraft:spruce_planks":14,"minecraft:farmland":1,"minecraft:spruce_trapdoor":2,"minecraft:grass_block":202,"minecraft:white_concrete":19,"minecraft:pumpkin":5,"minecraft:azure_bluet":13,"diagonalfences:minecraft/spruce_fence":8,"minecraft:red_tulip":4,"supplementaries:stick":1,"minecraft:cave_vines":13,"minecraft:pink_tulip":1,"biomesoplenty:glowworm_silk":2,"minecraft:melon_stem":2,"minecraft:clay":33,"minecraft:torch":18,"minecraft:dead_bush":1,"farmersdelight:brown_mushroom_colony":4,"farmersdelight:cabbages":1,"minecraft:cobblestone":36,"minecraft:sugar_cane":10,"minecraft:wall_torch":14,"minecraft:spruce_sign":1,"minecraft:skeleton_skull":1,"minecraft:seagrass":2,"farmersdelight:sandy_shrub":1,"minecraft:wheat":9,"minecraft:magenta_bed":4,"minecraft:lilac":57,"minecraft:pumpkin_stem":6,"minecraft:orange_tulip":2,"biomesoplenty:fir_log":515,"minecraft:grass":103,"minecraft:oak_log":5,"minecraft:sand":591,"minecraft:dirt":39,"minecraft:oak_leaves":41,"minecraft:attached_pumpkin_stem":1,"farmersdelight:wild_carrots":6,"minecraft:allium":2,"minecraft:decorated_pot":1,"minecraft:spruce_leaves":51,"minecraft:kelp":2,"minecraft:white_concrete_powder":1,"farmersdelight:red_mushroom_colony":1,"minecraft:large_fern":3,"farmersdelight:wild_onions":13,"minecraft:spruce_sapling":5,"biomesoplenty:toadstool":2,"farmersdelight:spruce_cabinet":11,"minecraft:stripped_spruce_log":2,"minecraft:potatoes":22,"variantvanillablocks:spruce_crafting_table":5,"minecraft:packed_ice":14,"minecraft:white_tulip":3,"minecraft:stone":216,"farmersdelight:cooking_pot":1,"born_in_chaos_v1:marigolds":2,"minecraft:lily_of_the_valley":13,"minecraft:dandelion":2,"minecraft:spruce_door":1,"minecraft:rose_bush":19,"minecraft:stone_slab":2,"cfm:magenta_kitchen_counter":7,"minecraft:tall_grass":1,"cfm:magenta_kitchen_drawer":2,"biomesoplenty:sprout":72,"supplementaries:cage":2,"minecraft:spruce_stairs":2,"farmersdelight:wild_beetroots":6,"minecraft:sweet_berry_bush":1,"quark:spruce_ladder":1,"minecraft:spruce_log":964,"minecraft:coal_ore":9,"biomesoplenty:fir_leaves":24,"minecraft:sunflower":13,"minecraft:gravel":77,"minecraft:cobweb":2,"farmersdelight:stove":1,"quark:hollow_spruce_log":2,"minecraft:fern":8},"minecraft:dropped":{"minecraft:iron_sword":1,"minecraft:baked_potato":10,"farmersdelight:stuffed_pumpkin":4,"minecraft:rotten_flesh":3,"smarter_mobs:spider_web":1,"travelersbackpack:fox":1,"minecraft:bread":1,"minecraft:wheat_seeds":4,"minecraft:iron_helmet":1,"minecraft:cobblestone":1,"travelersbackpack:wolf":2,"minecraft:coal":17,"minecraft:brewing_stand":2,"minecraft:wooden_axe":1,"minecraft:rose_bush":13,"aquaculture:atlantic_herring":1,"tacz:modern_kinetic_gun":3,"farmersdelight:rotten_tomato":2,"born_in_chaos_v1:rotten_fish":3,"minecraft:pumpkin_seeds":2,"minecraft:lily_of_the_valley":1,"minecraft:potato":19,"some_assembly_required:sandwich":9,"minecraft:spruce_planks":49,"minecraft:diamond_pickaxe":1,"tacz:ammo":94,"minecraft:spruce_log":128,"minecraft:stone_pickaxe":1,"minecraft:terracotta":6},"minecraft:killed_by":{"born_in_chaos_v1:corpse_fly":1,"born_in_chaos_v1:firelight_not_despawn":1,"minecraft:player":6,"born_in_chaos_v1:corpse_fish":1,"born_in_chaos_v1:dread_hound":1},"minecraft:broken":{"minecraft:stone_pickaxe":1,"minecraft:stone_axe":1,"minecraft:wooden_axe":2,"minecraft:stone_shovel":6,"minecraft:iron_axe":3,"minecraft:iron_pickaxe":1},"minecraft:killed":{"minecraft:spider":1,"aquaculture:smallmouth_bass":1,"minecraft:chicken":2,"aquaculture:perch":1,"aquaculture:carp":1,"minecraft:salmon":2,"minecraft:sheep":6,"minecraft:pillager":3,"aquaculture:minnow":2,"minecraft:zombie":2,"born_in_chaos_v1:corpse_fly":3,"born_in_chaos_v1:door_knight":1,"minecraft:cow":5,"aquaculture:catfish":1,"born_in_chaos_v1:corpse_fish":25,"born_in_chaos_v1:spiritof_chaos":1},"minecraft:crafted":{"minecraft:brick":4,"minecraft:oak_planks":4,"minecraft:cooked_chicken":2,"minecraft:stone":21,"prettypipes:high_extraction_module":1,"connectedglass:borderless_glass":8,"minecraft:iron_bars":16,"prettypipes:blank_module":1,"minecraft:cake":1,"minecraft:glass":52,"travelersbackpack:fox":1,"minecraft:bricks":4,"minecraft:stone_hoe":1,"minecraft:magenta_dye":28,"minecraft:flower_pot":3,"farmersdelight:stove":1,"biomesoplenty:fir_wood":3,"minecraft:wooden_shovel":1,"variantvanillablocks:spruce_crafting_table":2,"minecraft:spruce_planks":808,"farmersdelight:iron_knife":2,"travelersbackpack:standard":3,"minecraft:baked_potato":101,"minecraft:wooden_pickaxe":1,"minecraft:spruce_door":6,"supplementaries:cage":1,"minecraft:copper_ingot":8,"prettypipes:medium_extraction_module":1,"prettypipes:low_extraction_module":1,"minecraft:campfire":1,"farmersdelight:skillet":1,"biomesoplenty:fir_planks":16,"farmersdelight:cutting_board":2,"minecraft:spruce_trapdoor":10,"travelersbackpack:wolf":2,"quark:oak_chest":1,"minecraft:stone_slab":12,"minecraft:stick":64,"minecraft:iron_ingot":83,"minecraft:stone_sword":1,"farmersdelight:sweet_berry_cheesecake":2,"minecraft:spruce_fence_gate":2,"minecraft:shears":1,"minecraft:wooden_sword":1,"minecraft:stone_shovel":6,"cfm:magenta_kitchen_counter":8,"minecraft:furnace":1,"minecraft:piston":1,"farmersdelight:pie_crust":3,"minecraft:spruce_fence":36,"minecraft:terracotta":10,"travelersbackpack:white_sleeping_bag":3,"minecraft:white_concrete_powder":32,"minecraft:iron_axe":3,"minecraft:spruce_slab":24,"minecraft:stone_pickaxe":1,"minecraft:spruce_boat":2,"farmersdelight:stuffed_pumpkin_block":3,"quark:spruce_chest":13,"prettypipes:pipe":4,"minecraft:cooked_beef":9,"minecraft:magenta_bed":1,"minecraft:spruce_sign":3,"travelersbackpack:backpack_tank":6,"minecraft:iron_sword":1,"minecraft:bowl":24,"farmersdelight:cooking_pot":1,"quark:spruce_ladder":16,"minecraft:bucket":3,"farmersdelight:spruce_cabinet":3,"minecraft:stone_axe":1,"minecraft:bread":1,"minecraft:white_dye":10,"minecraft:wooden_axe":2,"minecraft:white_bed":1,"cfm:magenta_kitchen_drawer":4,"minecraft:torch":24,"minecraft:clay":10},"minecraft:picked_up":{"minecraft:wooden_axe":1,"minecraft:iron_chestplate":1,"minecraft:wheat":28,"quark:hollow_spruce_log":3,"minecraft:stone_slab":2,"quark:spruce_ladder":1,"minecraft:lead":12,"farmersdelight:rice_panicle":2,"minecraft:string":3,"minecraft:raw_copper":2,"minecraft:armor_stand":2,"biomesoplenty:tall_lavender":1,"minecraft:beetroot":12,"farmersdelight:cabbage":29,"minecraft:spruce_planks":40,"minecraft:white_tulip":2,"minecraft:rose_bush":27,"minecraft:iron_pickaxe":2,"born_in_chaos_v1:stimulating_decoction":2,"farmersdelight:cabbage_seeds":60,"minecraft:stick":200,"farmersdelight:rotten_tomato":3,"minecraft:torch":93,"minecraft:farmland":1,"minecraft:spruce_stairs":2,"epicfight:skillbook":2,"minecraft:cherry_log":1,"supplementaries:flax":1,"minecraft:stone_sword":1,"born_in_chaos_v1:fried_maggot":2,"minecraft:rotten_flesh":35,"farmersdelight:onion":30,"minecraft:red_tulip":2,"minecraft:cobblestone":453,"minecraft:cooked_beef":1,"minecraft:feather":2,"minecraft:lilac":54,"minecraft:potato":423,"biomesoplenty:fir_sapling":72,"biomesoplenty:fir_log":457,"minecraft:magenta_dye":3,"minecraft:flint":6,"supplementaries:flax_seeds":3,"minecraft:magenta_bed":6,"minecraft:dirt":277,"farmersdelight:tomato":36,"smarter_mobs:spider_web":3,"born_in_chaos_v1:marigolds":2,"minecraft:bone":17,"minecraft:orange_tulip":2,"minecraft:wheat_seeds":98,"aquaculture:atlantic_herring":1,"biomesoplenty:toadstool":1,"farmersdelight:spruce_cabinet":11,"minecraft:poisonous_potato":1,"minecraft:sand":612,"minecraft:stripped_spruce_log":2,"cfm:magenta_kitchen_counter":6,"minecraft:lily_of_the_valley":13,"biomesoplenty:glowflower":10,"minecraft:sugar":6,"born_in_chaos_v1:fire_dust":3,"minecraft:spruce_boat":15,"minecraft:crossbow":1,"minecraft:granite":1,"minecraft:bone_meal":7,"minecraft:white_concrete":19,"minecraft:spruce_sign":1,"minecraft:bread":1,"minecraft:emerald":10,"minecraft:oak_sapling":1,"born_in_chaos_v1:rotten_fish":16,"minecraft:diamond_pickaxe":1,"minecraft:charcoal":2,"minecraft:allium":99,"minecraft:azure_bluet":11,"minecraft:chicken":4,"minecraft:clay_ball":156,"minecraft:brown_mushroom":20,"minecraft:brick":32,"variantvanillablocks:spruce_crafting_table":6,"tacz:ammo":181,"minecraft:beef":11,"supplementaries:cage":2,"minecraft:sugar_cane":15,"minecraft:spruce_trapdoor":2,"minecraft:diamond_hoe":1,"minecraft:egg":10,"minecraft:dark_oak_sapling":1,"minecraft:sandstone":1,"minecraft:stone":2,"minecraft:bowl":4,"minecraft:spruce_fence":8,"aquaculture:perch":1,"farmersdelight:tomato_seeds":1,"minecraft:carrot":12,"cfm:magenta_kitchen_drawer":2,"minecraft:arrow":2,"minecraft:beetroot_seeds":24,"minecraft:decorated_pot":1,"minecraft:pink_tulip":1,"aquaculture:carp":2,"minecraft:gold_ingot":2,"minecraft:glow_berries":4,"minecraft:mutton":7,"minecraft:white_wool":15,"born_in_chaos_v1:corpse_maggot":5,"minecraft:salmon":2,"minecraft:leather":15,"minecraft:red_mushroom":5,"minecraft:oak_log":5,"minecraft:blue_bed":1,"minecraft:white_banner":2,"farmersdelight:cooking_pot":1,"minecraft:iron_ingot":1,"minecraft:stone_pickaxe":1,"minecraft:cooked_chicken":2,"aquaculture:minnow":2,"minecraft:iron_sword":1,"aquaculture:smallmouth_bass":1,"minecraft:pumpkin":5,"epicfight:stone_greatsword":1,"minecraft:sweet_berries":99,"born_in_chaos_v1:ethereal_spirit":1,"minecraft:dandelion":2,"minecraft:gravel":64,"minecraft:spruce_sapling":247,"minecraft:spruce_log":944,"minecraft:spider_eye":1,"minecraft:spruce_door":1,"minecraft:leather_helmet":1,"travelersbackpack:fox":1,"minecraft:pumpkin_seeds":14,"minecraft:white_concrete_powder":1,"minecraft:slime_ball":1,"tacz:modern_kinetic_gun":3,"minecraft:iron_helmet":3,"minecraft:diamond_axe":1,"minecraft:terracotta":6,"minecraft:baked_potato":30,"minecraft:melon_seeds":3,"minecraft:black_wool":1,"farmersdelight:stove":1,"minecraft:coal":122,"minecraft:sunflower":9}},"DataVersion":3465}