{"stats":{"minecraft:killed":{"minecraft:chicken":2,"born_in_chaos_v1:corpse_fish":18,"aquaculture:carp":1,"minecraft:sheep":6,"aquaculture:minnow":2,"minecraft:zombie":1,"born_in_chaos_v1:corpse_fly":1,"minecraft:cow":3},"minecraft:crafted":{"minecraft:wooden_sword":1,"minecraft:oak_planks":4,"minecraft:stone_shovel":1,"minecraft:cooked_chicken":2,"minecraft:furnace":1,"connectedglass:borderless_glass":8,"minecraft:glass":33,"travelersbackpack:white_sleeping_bag":2,"minecraft:iron_axe":1,"minecraft:stone_pickaxe":1,"travelersbackpack:fox":1,"minecraft:spruce_boat":1,"quark:spruce_chest":1,"minecraft:stone_hoe":1,"minecraft:magenta_dye":4,"minecraft:cooked_beef":9,"biomesoplenty:fir_wood":3,"minecraft:magenta_bed":1,"variantvanillablocks:spruce_crafting_table":1,"minecraft:spruce_planks":320,"travelersbackpack:backpack_tank":4,"travelersbackpack:standard":2,"minecraft:wooden_pickaxe":1,"minecraft:baked_potato":13,"minecraft:iron_sword":1,"minecraft:spruce_door":3,"minecraft:bucket":2,"minecraft:stone_axe":1,"biomesoplenty:fir_planks":16,"travelersbackpack:wolf":1,"minecraft:stick":20,"quark:oak_chest":1,"minecraft:iron_ingot":76,"minecraft:wooden_axe":2,"minecraft:stone_sword":1,"minecraft:white_bed":1,"minecraft:torch":24},"minecraft:used":{"minecraft:stone_sword":84,"minecraft:armor_stand":2,"minecraft:stone_shovel":136,"minecraft:decorated_pot":1,"minecraft:spruce_planks":237,"born_in_chaos_v1:fried_maggot":2,"minecraft:stone_hoe":56,"minecraft:torch":59,"minecraft:dirt":147,"minecraft:mutton":4,"minecraft:spruce_boat":1,"variantvanillablocks:spruce_crafting_table":6,"minecraft:wooden_axe":108,"minecraft:sweet_berries":19,"quark:hollow_spruce_log":1,"minecraft:furnace":1,"minecraft:cooked_beef":3,"minecraft:potato":58,"minecraft:pumpkin":1,"travelersbackpack:fox":1,"minecraft:wheat_seeds":12,"minecraft:water_bucket":2,"minecraft:spruce_door":2,"minecraft:stone_pickaxe":28,"minecraft:baked_potato":6,"minecraft:wooden_pickaxe":34,"minecraft:spruce_sign":2,"farmersdelight:onion":22,"minecraft:sand":4,"minecraft:magenta_bed":5,"some_assembly_required:sandwich":8,"minecraft:bread":26,"minecraft:lilac":38,"minecraft:stone_axe":61,"minecraft:wooden_sword":31,"born_in_chaos_v1:rotten_fish":1,"minecraft:bucket":5},"minecraft:dropped":{"minecraft:bread":1,"minecraft:iron_helmet":1,"travelersbackpack:wolf":1,"minecraft:coal":17,"minecraft:wooden_axe":1,"minecraft:potato":19,"some_assembly_required:sandwich":6,"minecraft:spruce_planks":46,"travelersbackpack:fox":1,"minecraft:stone_pickaxe":1},"minecraft:custom":{"minecraft:mob_kills":34,"minecraft:interact_with_crafting_table":73,"minecraft:bell_ring":2,"minecraft:leave_game":5,"minecraft:time_since_death":89654,"minecraft:sprint_one_cm":1513594,"minecraft:walk_one_cm":628101,"minecraft:drop":71,"minecraft:play_time":212357,"minecraft:deaths":2,"minecraft:sneak_time":1149,"minecraft:walk_under_water_one_cm":8085,"minecraft:boat_one_cm":66682,"minecraft:jump":2855,"minecraft:walk_on_water_one_cm":42172,"minecraft:total_world_time":212357,"minecraft:interact_with_furnace":34,"minecraft:interact_with_stonecutter":1,"minecraft:sleep_in_bed":19,"minecraft:time_since_rest":2262,"minecraft:damage_taken":992,"minecraft:damage_dealt":3729,"minecraft:swim_one_cm":20879,"minecraft:fly_one_cm":743925,"minecraft:open_chest":116,"minecraft:crouch_one_cm":3110,"minecraft:fall_one_cm":41261},"minecraft:mined":{"minecraft:spruce_planks":14,"minecraft:allium":2,"minecraft:grass_block":147,"minecraft:decorated_pot":1,"minecraft:large_fern":2,"farmersdelight:wild_onions":13,"minecraft:stripped_spruce_log":1,"minecraft:pumpkin":1,"minecraft:azure_bluet":3,"minecraft:red_tulip":4,"minecraft:potatoes":10,"variantvanillablocks:spruce_crafting_table":5,"minecraft:pink_tulip":1,"minecraft:white_tulip":2,"minecraft:stone":30,"minecraft:lily_of_the_valley":3,"minecraft:dandelion":2,"minecraft:clay":29,"minecraft:torch":5,"minecraft:rose_bush":13,"minecraft:stone_slab":2,"biomesoplenty:sprout":54,"minecraft:wall_torch":8,"minecraft:spruce_stairs":2,"farmersdelight:sandy_shrub":1,"minecraft:sweet_berry_bush":1,"minecraft:magenta_bed":3,"minecraft:lilac":53,"minecraft:spruce_log":94,"minecraft:orange_tulip":2,"biomesoplenty:fir_log":6,"minecraft:grass":66,"minecraft:oak_log":1,"minecraft:coal_ore":9,"minecraft:sunflower":7,"minecraft:sand":16,"minecraft:dirt":30,"minecraft:oak_leaves":24,"quark:hollow_spruce_log":2},"minecraft:broken":{"minecraft:wooden_axe":2,"minecraft:stone_shovel":1},"minecraft:picked_up":{"minecraft:wooden_axe":1,"minecraft:iron_chestplate":1,"minecraft:allium":99,"minecraft:azure_bluet":2,"minecraft:clay_ball":116,"minecraft:chicken":4,"quark:hollow_spruce_log":3,"minecraft:stone_slab":2,"minecraft:raw_copper":2,"variantvanillablocks:spruce_crafting_table":6,"minecraft:armor_stand":2,"minecraft:spruce_planks":40,"minecraft:beef":5,"minecraft:white_tulip":1,"minecraft:rose_bush":12,"minecraft:egg":2,"minecraft:dark_oak_sapling":1,"minecraft:stick":21,"minecraft:sandstone":1,"minecraft:torch":43,"minecraft:spruce_stairs":2,"born_in_chaos_v1:fried_maggot":2,"minecraft:rotten_flesh":1,"minecraft:decorated_pot":1,"farmersdelight:onion":13,"minecraft:red_tulip":2,"minecraft:pink_tulip":1,"aquaculture:carp":1,"minecraft:gold_ingot":2,"minecraft:mutton":7,"minecraft:white_wool":11,"minecraft:cobblestone":28,"born_in_chaos_v1:corpse_maggot":2,"minecraft:cooked_beef":1,"minecraft:feather":2,"minecraft:lilac":50,"minecraft:leather":6,"minecraft:potato":54,"biomesoplenty:fir_log":6,"minecraft:oak_log":1,"supplementaries:flax_seeds":1,"minecraft:magenta_bed":4,"smarter_mobs:spider_web":1,"minecraft:dirt":185,"minecraft:bone":16,"minecraft:orange_tulip":2,"minecraft:wheat_seeds":24,"minecraft:stone_pickaxe":1,"minecraft:cooked_chicken":2,"aquaculture:minnow":2,"minecraft:pumpkin":1,"minecraft:sweet_berries":35,"minecraft:dandelion":2,"minecraft:sand":37,"minecraft:stripped_spruce_log":1,"minecraft:spruce_sapling":27,"minecraft:spruce_log":93,"minecraft:lily_of_the_valley":2,"travelersbackpack:fox":1,"born_in_chaos_v1:fire_dust":3,"minecraft:iron_helmet":2,"minecraft:bone_meal":6,"minecraft:bread":1,"minecraft:oak_sapling":1,"born_in_chaos_v1:rotten_fish":12,"minecraft:black_wool":1,"minecraft:coal":122,"minecraft:sunflower":7},"minecraft:killed_by":{"born_in_chaos_v1:corpse_fly":1,"born_in_chaos_v1:dread_hound":1}},"DataVersion":3465}