{"stats":{"minecraft:killed_by":{"born_in_chaos_v1:corpse_fly":1},"minecraft:used":{"minecraft:stone_sword":4,"minecraft:spruce_door":2,"minecraft:armor_stand":2,"minecraft:stone_pickaxe":8,"minecraft:stone_shovel":16,"minecraft:decorated_pot":1,"minecraft:spruce_planks":222,"minecraft:wooden_pickaxe":34,"minecraft:torch":23,"farmersdelight:onion":19,"minecraft:dirt":61,"minecraft:sand":4,"minecraft:mutton":4,"minecraft:magenta_bed":5,"some_assembly_required:sandwich":6,"minecraft:spruce_boat":1,"variantvanillablocks:spruce_crafting_table":6,"minecraft:wooden_axe":108,"minecraft:bread":10,"minecraft:stone_axe":46,"minecraft:wooden_sword":31,"born_in_chaos_v1:rotten_fish":1,"minecraft:sweet_berries":12,"minecraft:potato":7,"minecraft:pumpkin":1},"minecraft:picked_up":{"minecraft:wooden_axe":1,"born_in_chaos_v1:corpse_maggot":2,"minecraft:iron_chestplate":1,"minecraft:allium":99,"minecraft:feather":2,"minecraft:lilac":10,"minecraft:chicken":1,"minecraft:clay_ball":48,"minecraft:leather":2,"minecraft:stone_slab":1,"minecraft:potato":8,"biomesoplenty:fir_log":6,"minecraft:magenta_bed":4,"minecraft:dirt":63,"variantvanillablocks:spruce_crafting_table":6,"minecraft:armor_stand":2,"minecraft:wheat_seeds":10,"minecraft:spruce_planks":40,"minecraft:beef":4,"minecraft:rose_bush":11,"aquaculture:minnow":2,"minecraft:dark_oak_sapling":1,"minecraft:egg":2,"minecraft:stick":19,"minecraft:sandstone":1,"minecraft:pumpkin":1,"minecraft:sweet_berries":2,"minecraft:torch":8,"minecraft:dandelion":2,"minecraft:spruce_stairs":2,"minecraft:sand":37,"minecraft:stripped_spruce_log":1,"minecraft:spruce_sapling":23,"minecraft:spruce_log":83,"minecraft:lily_of_the_valley":2,"minecraft:decorated_pot":1,"minecraft:rotten_flesh":1,"farmersdelight:onion":12,"minecraft:iron_helmet":1,"minecraft:bone_meal":1,"aquaculture:carp":1,"born_in_chaos_v1:rotten_fish":1,"minecraft:mutton":6,"minecraft:coal":24,"minecraft:white_wool":5,"minecraft:cobblestone":15,"minecraft:sunflower":7},"minecraft:custom":{"minecraft:mob_kills":15,"minecraft:interact_with_crafting_table":27,"minecraft:bell_ring":2,"minecraft:interact_with_stonecutter":1,"minecraft:leave_game":1,"minecraft:time_since_death":68334,"minecraft:sleep_in_bed":7,"minecraft:time_since_rest":1743,"minecraft:sprint_one_cm":705532,"minecraft:walk_one_cm":263402,"minecraft:damage_taken":480,"minecraft:drop":62,"minecraft:damage_dealt":1622,"minecraft:swim_one_cm":7070,"minecraft:fly_one_cm":285228,"minecraft:open_chest":21,"minecraft:crouch_one_cm":2482,"minecraft:play_time":86061,"minecraft:deaths":1,"minecraft:sneak_time":581,"minecraft:walk_under_water_one_cm":148,"minecraft:boat_one_cm":25553,"minecraft:jump":1147,"minecraft:walk_on_water_one_cm":13367,"minecraft:total_world_time":86061,"minecraft:fall_one_cm":15605},"minecraft:mined":{"minecraft:spruce_planks":14,"minecraft:lily_of_the_valley":3,"minecraft:dandelion":2,"minecraft:clay":12,"minecraft:torch":2,"minecraft:allium":2,"minecraft:grass_block":51,"minecraft:decorated_pot":1,"minecraft:rose_bush":13,"minecraft:stone_slab":1,"biomesoplenty:sprout":32,"minecraft:wall_torch":7,"minecraft:spruce_stairs":2,"farmersdelight:wild_onions":13,"farmersdelight:sandy_shrub":1,"minecraft:sweet_berry_bush":1,"minecraft:magenta_bed":3,"minecraft:lilac":11,"minecraft:spruce_log":84,"minecraft:stripped_spruce_log":1,"minecraft:pumpkin":1,"biomesoplenty:fir_log":6,"minecraft:azure_bluet":1,"minecraft:grass":39,"minecraft:coal_ore":8,"minecraft:sunflower":7,"variantvanillablocks:spruce_crafting_table":5,"minecraft:sand":16,"minecraft:dirt":2,"minecraft:stone":17,"minecraft:oak_leaves":13},"minecraft:crafted":{"biomesoplenty:fir_wood":3,"minecraft:wooden_sword":1,"minecraft:magenta_bed":1,"minecraft:stone_shovel":1,"variantvanillablocks:spruce_crafting_table":1,"minecraft:spruce_planks":320,"minecraft:wooden_pickaxe":1,"minecraft:spruce_door":3,"minecraft:stone_axe":1,"biomesoplenty:fir_planks":16,"minecraft:stick":16,"minecraft:stone_pickaxe":1,"minecraft:wooden_axe":2,"minecraft:stone_sword":1,"minecraft:white_bed":1,"minecraft:spruce_boat":1,"minecraft:torch":16,"minecraft:magenta_dye":4},"minecraft:killed":{"minecraft:sheep":5,"aquaculture:minnow":2,"minecraft:zombie":1,"born_in_chaos_v1:corpse_fly":1,"minecraft:chicken":1,"born_in_chaos_v1:corpse_fish":2,"aquaculture:carp":1,"minecraft:cow":2},"minecraft:dropped":{"minecraft:coal":17,"minecraft:potato":19,"some_assembly_required:sandwich":2,"minecraft:spruce_planks":46,"minecraft:wooden_axe":1},"minecraft:broken":{"minecraft:wooden_axe":2}},"DataVersion":3465}