{"stats":{"minecraft:killed_by":{"born_in_chaos_v1:corpse_fly":1},"minecraft:used":{"minecraft:stone_shovel":12,"minecraft:spruce_planks":11,"minecraft:wooden_pickaxe":34,"minecraft:torch":1,"farmersdelight:onion":19,"minecraft:dirt":58,"minecraft:mutton":4,"minecraft:magenta_bed":5,"some_assembly_required:sandwich":5,"variantvanillablocks:spruce_crafting_table":6,"minecraft:wooden_axe":104,"minecraft:bread":6,"minecraft:wooden_sword":31,"born_in_chaos_v1:rotten_fish":1,"minecraft:sweet_berries":12,"minecraft:potato":6,"minecraft:pumpkin":1},"minecraft:picked_up":{"minecraft:wooden_axe":1,"born_in_chaos_v1:corpse_maggot":2,"minecraft:allium":99,"minecraft:feather":2,"minecraft:lilac":10,"minecraft:chicken":1,"minecraft:clay_ball":48,"minecraft:leather":2,"minecraft:stone_slab":1,"minecraft:potato":8,"biomesoplenty:fir_log":6,"minecraft:magenta_bed":4,"minecraft:dirt":59,"variantvanillablocks:spruce_crafting_table":6,"minecraft:wheat_seeds":10,"minecraft:spruce_planks":24,"minecraft:beef":4,"minecraft:rose_bush":11,"minecraft:egg":2,"minecraft:stick":15,"minecraft:sandstone":1,"minecraft:pumpkin":1,"minecraft:sweet_berries":2,"minecraft:dandelion":2,"minecraft:spruce_stairs":2,"minecraft:sand":33,"minecraft:stripped_spruce_log":1,"minecraft:spruce_sapling":18,"minecraft:spruce_log":53,"minecraft:lily_of_the_valley":2,"minecraft:rotten_flesh":1,"farmersdelight:onion":12,"minecraft:bone_meal":1,"born_in_chaos_v1:rotten_fish":1,"minecraft:mutton":6,"minecraft:coal":24,"minecraft:white_wool":5,"minecraft:cobblestone":8,"minecraft:sunflower":7},"minecraft:mined":{"minecraft:lily_of_the_valley":3,"minecraft:dandelion":2,"minecraft:clay":12,"minecraft:allium":2,"minecraft:grass_block":47,"minecraft:rose_bush":13,"minecraft:stone_slab":1,"biomesoplenty:sprout":32,"minecraft:wall_torch":1,"minecraft:spruce_stairs":2,"farmersdelight:wild_onions":13,"farmersdelight:sandy_shrub":1,"minecraft:sweet_berry_bush":1,"minecraft:magenta_bed":3,"minecraft:lilac":11,"minecraft:spruce_log":52,"minecraft:stripped_spruce_log":1,"minecraft:pumpkin":1,"biomesoplenty:fir_log":6,"minecraft:azure_bluet":1,"minecraft:grass":38,"minecraft:coal_ore":8,"minecraft:sunflower":7,"variantvanillablocks:spruce_crafting_table":5,"minecraft:sand":12,"minecraft:dirt":2,"minecraft:stone":9,"minecraft:oak_leaves":13},"minecraft:custom":{"minecraft:mob_kills":12,"minecraft:interact_with_crafting_table":19,"minecraft:leave_game":1,"minecraft:time_since_death":38334,"minecraft:sleep_in_bed":4,"minecraft:time_since_rest":4424,"minecraft:sprint_one_cm":493718,"minecraft:walk_one_cm":175994,"minecraft:damage_taken":430,"minecraft:drop":40,"minecraft:damage_dealt":1532,"minecraft:fly_one_cm":219505,"minecraft:open_chest":12,"minecraft:play_time":56061,"minecraft:deaths":1,"minecraft:sneak_time":248,"minecraft:jump":841,"minecraft:walk_on_water_one_cm":130,"minecraft:total_world_time":56061,"minecraft:fall_one_cm":10328},"minecraft:crafted":{"biomesoplenty:fir_wood":3,"minecraft:wooden_sword":1,"minecraft:magenta_bed":1,"minecraft:stone_shovel":1,"variantvanillablocks:spruce_crafting_table":1,"minecraft:spruce_planks":212,"minecraft:wooden_pickaxe":1,"biomesoplenty:fir_planks":16,"minecraft:stick":16,"minecraft:stone_pickaxe":1,"minecraft:wooden_axe":2,"minecraft:stone_sword":1,"minecraft:white_bed":1,"minecraft:torch":4,"minecraft:magenta_dye":4},"minecraft:killed":{"minecraft:sheep":5,"minecraft:zombie":1,"born_in_chaos_v1:corpse_fly":1,"minecraft:chicken":1,"born_in_chaos_v1:corpse_fish":2,"minecraft:cow":2},"minecraft:dropped":{"minecraft:coal":17,"minecraft:potato":19,"some_assembly_required:sandwich":2,"minecraft:spruce_planks":24,"minecraft:wooden_axe":1},"minecraft:broken":{"minecraft:wooden_axe":1}},"DataVersion":3465}