{"stats":{"minecraft:used":{"minecraft:stone_sword":84,"minecraft:armor_stand":2,"minecraft:stone_shovel":236,"farmersdelight:cabbage_seeds":11,"farmersdelight:stove":2,"minecraft:decorated_pot":1,"minecraft:white_concrete_powder":20,"minecraft:spruce_planks":238,"minecraft:iron_sword":77,"born_in_chaos_v1:fried_maggot":2,"minecraft:stone_hoe":83,"farmersdelight:sweet_berry_cheesecake":1,"minecraft:torch":80,"smartermobs:zombie_block":2,"minecraft:dirt":194,"minecraft:mutton":4,"cfm:magenta_kitchen_counter":14,"minecraft:spruce_fence":31,"minecraft:spruce_boat":2,"variantvanillablocks:spruce_crafting_table":6,"minecraft:wooden_axe":108,"farmersdelight:cutting_board":2,"minecraft:sweet_berries":27,"quark:hollow_spruce_log":1,"minecraft:furnace":1,"farmersdelight:cooking_pot":2,"minecraft:egg":2,"minecraft:cooked_beef":8,"minecraft:potato":63,"farmersdelight:tomato_seeds":8,"minecraft:pumpkin":1,"travelersbackpack:fox":2,"minecraft:wheat_seeds":21,"minecraft:water_bucket":5,"minecraft:spruce_door":2,"farmersdelight:skillet":1,"minecraft:stone_pickaxe":48,"minecraft:baked_potato":31,"minecraft:wooden_pickaxe":34,"minecraft:spruce_sign":2,"minecraft:spruce_fence_gate":1,"minecraft:blue_bed":1,"farmersdelight:onion":28,"minecraft:sand":4,"minecraft:magenta_bed":6,"some_assembly_required:sandwich":8,"farmersdelight:rice":2,"cfm:magenta_kitchen_drawer":6,"minecraft:pumpkin_seeds":3,"minecraft:bread":26,"minecraft:iron_pickaxe":188,"minecraft:lilac":38,"minecraft:stone_axe":75,"minecraft:wooden_sword":31,"born_in_chaos_v1:rotten_fish":1,"minecraft:cobblestone":55,"farmersdelight:spruce_cabinet":14,"minecraft:bucket":7},"minecraft:broken":{"minecraft:stone_pickaxe":1,"minecraft:iron_pickaxe":1,"minecraft:wooden_axe":2,"minecraft:stone_shovel":1},"minecraft:killed_by":{"minecraft:player":2,"born_in_chaos_v1:corpse_fly":1,"born_in_chaos_v1:dread_hound":1},"minecraft:custom":{"minecraft:mob_kills":43,"minecraft:animals_bred":2,"minecraft:interact_with_crafting_table":126,"minecraft:bell_ring":2,"minecraft:damage_dealt_resisted":24,"minecraft:leave_game":9,"minecraft:time_since_death":136062,"minecraft:climb_one_cm":36,"minecraft:sprint_one_cm":2176130,"minecraft:walk_one_cm":1096679,"minecraft:drop":84,"minecraft:talked_to_villager":2,"minecraft:play_time":364747,"minecraft:deaths":4,"minecraft:sneak_time":1831,"minecraft:walk_under_water_one_cm":8168,"minecraft:boat_one_cm":169888,"minecraft:jump":3991,"minecraft:walk_on_water_one_cm":46312,"minecraft:total_world_time":364747,"minecraft:interact_with_furnace":53,"minecraft:interact_with_stonecutter":1,"minecraft:sleep_in_bed":32,"minecraft:time_since_rest":1897,"minecraft:damage_taken":2320,"minecraft:damage_dealt":4972,"minecraft:swim_one_cm":21549,"minecraft:fly_one_cm":985555,"minecraft:player_kills":1,"minecraft:open_chest":231,"minecraft:crouch_one_cm":3785,"minecraft:fall_one_cm":55532},"minecraft:crafted":{"minecraft:brick":4,"minecraft:wooden_sword":1,"minecraft:oak_planks":4,"minecraft:stone_shovel":2,"cfm:magenta_kitchen_counter":8,"minecraft:cooked_chicken":2,"minecraft:furnace":1,"minecraft:spruce_fence":30,"farmersdelight:pie_crust":1,"connectedglass:borderless_glass":8,"minecraft:terracotta":10,"minecraft:glass":33,"travelersbackpack:white_sleeping_bag":2,"minecraft:white_concrete_powder":32,"minecraft:iron_axe":1,"minecraft:spruce_slab":18,"minecraft:stone_pickaxe":1,"travelersbackpack:fox":1,"minecraft:spruce_boat":1,"minecraft:bricks":4,"quark:spruce_chest":4,"minecraft:stone_hoe":1,"minecraft:magenta_dye":28,"farmersdelight:stove":1,"minecraft:cooked_beef":9,"biomesoplenty:fir_wood":3,"minecraft:magenta_bed":1,"minecraft:wooden_shovel":1,"variantvanillablocks:spruce_crafting_table":1,"minecraft:spruce_planks":472,"travelersbackpack:backpack_tank":4,"travelersbackpack:standard":2,"minecraft:wooden_pickaxe":1,"minecraft:baked_potato":45,"minecraft:iron_sword":1,"minecraft:spruce_door":3,"minecraft:bowl":8,"farmersdelight:cooking_pot":1,"minecraft:bucket":2,"minecraft:campfire":1,"farmersdelight:spruce_cabinet":3,"minecraft:stone_axe":1,"farmersdelight:skillet":1,"minecraft:bread":1,"biomesoplenty:fir_planks":16,"farmersdelight:cutting_board":2,"minecraft:spruce_trapdoor":8,"travelersbackpack:wolf":1,"minecraft:white_dye":10,"quark:oak_chest":1,"minecraft:stick":60,"minecraft:iron_ingot":83,"minecraft:wooden_axe":2,"minecraft:stone_sword":1,"farmersdelight:sweet_berry_cheesecake":1,"minecraft:white_bed":1,"cfm:magenta_kitchen_drawer":4,"minecraft:spruce_fence_gate":1,"minecraft:torch":24,"minecraft:clay":10},"minecraft:killed":{"minecraft:chicken":2,"born_in_chaos_v1:corpse_fish":19,"aquaculture:carp":1,"born_in_chaos_v1:spiritof_chaos":1,"minecraft:salmon":2,"minecraft:sheep":6,"aquaculture:minnow":2,"minecraft:zombie":2,"born_in_chaos_v1:corpse_fly":3,"born_in_chaos_v1:door_knight":1,"minecraft:cow":3},"minecraft:dropped":{"minecraft:bread":1,"minecraft:baked_potato":9,"minecraft:iron_helmet":1,"travelersbackpack:wolf":1,"minecraft:coal":17,"minecraft:wooden_axe":1,"minecraft:rotten_flesh":3,"minecraft:potato":19,"minecraft:spruce_planks":46,"some_assembly_required:sandwich":9,"minecraft:stone_pickaxe":1,"travelersbackpack:fox":1,"minecraft:terracotta":6},"minecraft:picked_up":{"minecraft:wheat":13,"minecraft:iron_chestplate":1,"minecraft:allium":99,"minecraft:azure_bluet":11,"minecraft:chicken":4,"minecraft:clay_ball":132,"quark:hollow_spruce_log":3,"minecraft:lead":3,"minecraft:stone_slab":2,"minecraft:brick":32,"minecraft:string":3,"minecraft:raw_copper":2,"variantvanillablocks:spruce_crafting_table":6,"minecraft:armor_stand":2,"farmersdelight:cabbage":1,"minecraft:spruce_planks":40,"minecraft:beef":5,"minecraft:white_tulip":2,"minecraft:rose_bush":14,"minecraft:iron_pickaxe":2,"born_in_chaos_v1:stimulating_decoction":2,"farmersdelight:cabbage_seeds":2,"minecraft:egg":3,"minecraft:dark_oak_sapling":1,"minecraft:stick":28,"minecraft:sandstone":1,"minecraft:stone":2,"minecraft:torch":83,"minecraft:farmland":1,"minecraft:spruce_stairs":2,"minecraft:spruce_fence":2,"epicfight:skillbook":1,"minecraft:cherry_log":1,"cfm:magenta_kitchen_drawer":2,"born_in_chaos_v1:fried_maggot":2,"minecraft:rotten_flesh":35,"minecraft:decorated_pot":1,"farmersdelight:onion":28,"minecraft:red_tulip":2,"minecraft:pink_tulip":1,"aquaculture:carp":2,"minecraft:gold_ingot":2,"minecraft:mutton":7,"minecraft:white_wool":11,"minecraft:cobblestone":222,"born_in_chaos_v1:corpse_maggot":5,"minecraft:feather":2,"minecraft:lilac":50,"minecraft:cooked_beef":1,"minecraft:salmon":2,"minecraft:leather":13,"smartermobs:zombie_block":2,"minecraft:potato":247,"biomesoplenty:fir_log":6,"minecraft:magenta_dye":3,"minecraft:flint":6,"minecraft:oak_log":1,"supplementaries:flax_seeds":1,"minecraft:magenta_bed":5,"smarter_mobs:spider_web":1,"minecraft:blue_bed":1,"minecraft:dirt":222,"minecraft:bone":17,"farmersdelight:cooking_pot":1,"minecraft:wheat_seeds":55,"minecraft:orange_tulip":2,"minecraft:stone_pickaxe":1,"minecraft:iron_ingot":1,"minecraft:cooked_chicken":2,"aquaculture:minnow":2,"minecraft:pumpkin":3,"minecraft:sweet_berries":36,"farmersdelight:spruce_cabinet":11,"born_in_chaos_v1:ethereal_spirit":1,"minecraft:dandelion":2,"minecraft:poisonous_potato":1,"minecraft:gravel":64,"minecraft:sand":54,"minecraft:stripped_spruce_log":1,"minecraft:spruce_sapling":27,"minecraft:lily_of_the_valley":12,"cfm:magenta_kitchen_counter":6,"minecraft:spruce_log":93,"travelersbackpack:fox":1,"minecraft:pumpkin_seeds":9,"minecraft:slime_ball":1,"minecraft:white_concrete_powder":1,"born_in_chaos_v1:fire_dust":3,"minecraft:spruce_boat":1,"minecraft:iron_helmet":2,"minecraft:granite":1,"minecraft:bone_meal":6,"minecraft:white_concrete":19,"minecraft:emerald":10,"minecraft:bread":1,"minecraft:black_wool":1,"minecraft:terracotta":6,"minecraft:baked_potato":22,"born_in_chaos_v1:rotten_fish":13,"minecraft:oak_sapling":1,"farmersdelight:stove":1,"minecraft:coal":122,"minecraft:wooden_axe":1,"minecraft:sunflower":7},"minecraft:mined":{"minecraft:attached_pumpkin_stem":1,"minecraft:spruce_planks":14,"minecraft:farmland":1,"smartermobs:zombie_block":1,"minecraft:allium":2,"minecraft:grass_block":157,"minecraft:decorated_pot":1,"minecraft:white_concrete":19,"minecraft:white_concrete_powder":1,"minecraft:large_fern":2,"farmersdelight:wild_onions":13,"farmersdelight:spruce_cabinet":11,"minecraft:stripped_spruce_log":1,"minecraft:pumpkin":3,"minecraft:azure_bluet":13,"diagonalfences:minecraft/spruce_fence":2,"minecraft:red_tulip":4,"minecraft:potatoes":20,"variantvanillablocks:spruce_crafting_table":5,"minecraft:pink_tulip":1,"minecraft:stone":192,"minecraft:white_tulip":3,"farmersdelight:cooking_pot":1,"minecraft:lily_of_the_valley":13,"minecraft:dandelion":2,"minecraft:clay":33,"minecraft:torch":10,"minecraft:rose_bush":18,"cfm:magenta_kitchen_counter":7,"minecraft:stone_slab":2,"farmersdelight:cabbages":1,"minecraft:cobblestone":14,"cfm:magenta_kitchen_drawer":2,"biomesoplenty:sprout":61,"minecraft:wall_torch":14,"minecraft:spruce_stairs":2,"farmersdelight:sandy_shrub":1,"minecraft:wheat":8,"minecraft:sweet_berry_bush":1,"minecraft:lilac":53,"minecraft:magenta_bed":3,"minecraft:spruce_log":94,"minecraft:pumpkin_stem":2,"minecraft:orange_tulip":2,"biomesoplenty:fir_log":6,"minecraft:grass":77,"minecraft:oak_log":1,"minecraft:coal_ore":9,"minecraft:gravel":77,"minecraft:sunflower":8,"minecraft:sand":33,"minecraft:dirt":37,"minecraft:cobweb":2,"farmersdelight:stove":1,"minecraft:oak_leaves":24,"quark:hollow_spruce_log":2}},"DataVersion":3465}