{"stats":{"minecraft:killed":{"minecraft:sheep":5,"aquaculture:minnow":2,"minecraft:zombie":1,"minecraft:chicken":1,"born_in_chaos_v1:corpse_fly":1,"born_in_chaos_v1:corpse_fish":10,"aquaculture:carp":1,"minecraft:cow":2},"minecraft:crafted":{"biomesoplenty:fir_wood":3,"minecraft:wooden_sword":1,"minecraft:magenta_bed":1,"minecraft:oak_planks":4,"minecraft:stone_shovel":1,"variantvanillablocks:spruce_crafting_table":1,"minecraft:spruce_planks":320,"minecraft:wooden_pickaxe":1,"minecraft:baked_potato":13,"minecraft:cooked_chicken":2,"minecraft:spruce_door":3,"minecraft:furnace":1,"minecraft:stone_axe":1,"biomesoplenty:fir_planks":16,"minecraft:stick":20,"minecraft:stone_pickaxe":1,"minecraft:wooden_axe":2,"minecraft:stone_sword":1,"minecraft:white_bed":1,"minecraft:spruce_boat":1,"minecraft:torch":24,"minecraft:magenta_dye":4},"minecraft:used":{"minecraft:stone_sword":53,"minecraft:spruce_door":2,"minecraft:armor_stand":2,"minecraft:stone_shovel":93,"minecraft:stone_pickaxe":28,"minecraft:decorated_pot":1,"minecraft:spruce_planks":237,"minecraft:wooden_pickaxe":34,"minecraft:torch":24,"farmersdelight:onion":19,"minecraft:dirt":102,"minecraft:sand":4,"minecraft:mutton":4,"minecraft:magenta_bed":5,"some_assembly_required:sandwich":6,"minecraft:spruce_boat":1,"variantvanillablocks:spruce_crafting_table":6,"minecraft:wooden_axe":108,"minecraft:bread":20,"minecraft:stone_axe":49,"minecraft:wooden_sword":31,"born_in_chaos_v1:rotten_fish":1,"minecraft:sweet_berries":12,"minecraft:furnace":1,"minecraft:potato":7,"minecraft:pumpkin":1},"minecraft:dropped":{"minecraft:bread":1,"minecraft:coal":17,"minecraft:potato":19,"some_assembly_required:sandwich":6,"minecraft:spruce_planks":46,"minecraft:wooden_axe":1,"minecraft:stone_pickaxe":1},"minecraft:mined":{"minecraft:spruce_planks":14,"minecraft:lily_of_the_valley":3,"minecraft:dandelion":2,"minecraft:clay":12,"minecraft:torch":3,"minecraft:allium":2,"minecraft:grass_block":102,"minecraft:decorated_pot":1,"minecraft:rose_bush":13,"minecraft:stone_slab":2,"biomesoplenty:sprout":37,"minecraft:wall_torch":7,"minecraft:spruce_stairs":2,"farmersdelight:wild_onions":13,"farmersdelight:sandy_shrub":1,"minecraft:sweet_berry_bush":1,"minecraft:magenta_bed":3,"minecraft:lilac":11,"minecraft:spruce_log":84,"minecraft:pumpkin":1,"minecraft:stripped_spruce_log":1,"biomesoplenty:fir_log":6,"minecraft:azure_bluet":1,"minecraft:grass":44,"minecraft:coal_ore":9,"minecraft:oak_log":1,"minecraft:sunflower":7,"variantvanillablocks:spruce_crafting_table":5,"minecraft:dirt":26,"minecraft:sand":16,"minecraft:stone":30,"minecraft:oak_leaves":13},"minecraft:custom":{"minecraft:interact_with_furnace":10,"minecraft:mob_kills":23,"minecraft:interact_with_crafting_table":33,"minecraft:bell_ring":2,"minecraft:interact_with_stonecutter":1,"minecraft:leave_game":5,"minecraft:time_since_death":104630,"minecraft:sleep_in_bed":9,"minecraft:time_since_rest":15586,"minecraft:sprint_one_cm":932785,"minecraft:damage_taken":705,"minecraft:walk_one_cm":383500,"minecraft:drop":68,"minecraft:damage_dealt":2661,"minecraft:swim_one_cm":15864,"minecraft:fly_one_cm":434347,"minecraft:open_chest":45,"minecraft:crouch_one_cm":2671,"minecraft:play_time":122357,"minecraft:deaths":1,"minecraft:sneak_time":1113,"minecraft:walk_under_water_one_cm":1453,"minecraft:boat_one_cm":50917,"minecraft:jump":1774,"minecraft:walk_on_water_one_cm":26523,"minecraft:total_world_time":122357,"minecraft:fall_one_cm":23901},"minecraft:broken":{"minecraft:wooden_axe":2},"minecraft:picked_up":{"minecraft:wooden_axe":1,"born_in_chaos_v1:corpse_maggot":2,"minecraft:allium":99,"minecraft:iron_chestplate":1,"minecraft:feather":2,"minecraft:lilac":10,"minecraft:chicken":3,"minecraft:clay_ball":48,"minecraft:leather":2,"minecraft:stone_slab":2,"minecraft:potato":8,"biomesoplenty:fir_log":6,"minecraft:oak_log":1,"minecraft:magenta_bed":4,"minecraft:dirt":141,"minecraft:raw_copper":2,"variantvanillablocks:spruce_crafting_table":6,"minecraft:armor_stand":2,"minecraft:wheat_seeds":11,"minecraft:spruce_planks":40,"minecraft:beef":4,"minecraft:stone_pickaxe":1,"minecraft:rose_bush":11,"aquaculture:minnow":2,"minecraft:egg":2,"minecraft:dark_oak_sapling":1,"minecraft:stick":21,"minecraft:sandstone":1,"minecraft:pumpkin":1,"minecraft:sweet_berries":2,"minecraft:torch":9,"minecraft:dandelion":2,"minecraft:spruce_stairs":2,"minecraft:sand":37,"minecraft:stripped_spruce_log":1,"minecraft:spruce_sapling":23,"minecraft:lily_of_the_valley":2,"minecraft:spruce_log":83,"born_in_chaos_v1:fire_dust":1,"minecraft:rotten_flesh":1,"farmersdelight:onion":12,"minecraft:decorated_pot":1,"minecraft:iron_helmet":1,"minecraft:bone_meal":3,"aquaculture:carp":1,"minecraft:bread":1,"born_in_chaos_v1:rotten_fish":9,"minecraft:mutton":6,"minecraft:coal":122,"minecraft:white_wool":5,"minecraft:cobblestone":28,"minecraft:sunflower":7},"minecraft:killed_by":{"born_in_chaos_v1:corpse_fly":1}},"DataVersion":3465}