{"stats":{"minecraft:killed_by":{"born_in_chaos_v1:corpse_fly":1},"minecraft:used":{"minecraft:stone_sword":32,"minecraft:spruce_door":2,"minecraft:armor_stand":2,"minecraft:stone_pickaxe":18,"minecraft:stone_shovel":16,"minecraft:decorated_pot":1,"minecraft:spruce_planks":236,"minecraft:wooden_pickaxe":34,"minecraft:torch":23,"farmersdelight:onion":19,"minecraft:dirt":61,"minecraft:sand":4,"minecraft:mutton":4,"minecraft:magenta_bed":5,"some_assembly_required:sandwich":6,"minecraft:spruce_boat":1,"variantvanillablocks:spruce_crafting_table":6,"minecraft:wooden_axe":108,"minecraft:bread":14,"minecraft:stone_axe":48,"minecraft:wooden_sword":31,"born_in_chaos_v1:rotten_fish":1,"minecraft:sweet_berries":12,"minecraft:furnace":1,"minecraft:potato":7,"minecraft:pumpkin":1},"minecraft:picked_up":{"minecraft:wooden_axe":1,"born_in_chaos_v1:corpse_maggot":2,"minecraft:iron_chestplate":1,"minecraft:allium":99,"minecraft:feather":2,"minecraft:lilac":10,"minecraft:chicken":3,"minecraft:clay_ball":48,"minecraft:leather":2,"minecraft:stone_slab":2,"minecraft:potato":8,"biomesoplenty:fir_log":6,"minecraft:magenta_bed":4,"minecraft:dirt":68,"variantvanillablocks:spruce_crafting_table":6,"minecraft:armor_stand":2,"minecraft:wheat_seeds":10,"minecraft:spruce_planks":40,"minecraft:beef":4,"minecraft:rose_bush":11,"aquaculture:minnow":2,"minecraft:dark_oak_sapling":1,"minecraft:egg":2,"minecraft:stick":19,"minecraft:sandstone":1,"minecraft:pumpkin":1,"minecraft:sweet_berries":2,"minecraft:torch":8,"minecraft:dandelion":2,"minecraft:spruce_stairs":2,"minecraft:sand":37,"minecraft:stripped_spruce_log":1,"minecraft:spruce_sapling":23,"minecraft:spruce_log":83,"minecraft:lily_of_the_valley":2,"minecraft:decorated_pot":1,"minecraft:rotten_flesh":1,"farmersdelight:onion":12,"minecraft:iron_helmet":1,"minecraft:bone_meal":2,"aquaculture:carp":1,"minecraft:bread":1,"born_in_chaos_v1:rotten_fish":7,"minecraft:mutton":6,"minecraft:coal":24,"minecraft:white_wool":5,"minecraft:cobblestone":24,"minecraft:sunflower":7},"minecraft:mined":{"minecraft:spruce_planks":14,"minecraft:lily_of_the_valley":3,"minecraft:dandelion":2,"minecraft:clay":12,"minecraft:torch":2,"minecraft:allium":2,"minecraft:grass_block":51,"minecraft:decorated_pot":1,"minecraft:rose_bush":13,"minecraft:stone_slab":2,"biomesoplenty:sprout":32,"minecraft:wall_torch":7,"minecraft:spruce_stairs":2,"farmersdelight:wild_onions":13,"farmersdelight:sandy_shrub":1,"minecraft:sweet_berry_bush":1,"minecraft:magenta_bed":3,"minecraft:lilac":11,"minecraft:spruce_log":84,"minecraft:stripped_spruce_log":1,"minecraft:pumpkin":1,"biomesoplenty:fir_log":6,"minecraft:azure_bluet":1,"minecraft:grass":39,"minecraft:oak_log":1,"minecraft:coal_ore":8,"minecraft:sunflower":7,"variantvanillablocks:spruce_crafting_table":5,"minecraft:sand":16,"minecraft:dirt":2,"minecraft:stone":26,"minecraft:oak_leaves":13},"minecraft:custom":{"minecraft:interact_with_furnace":7,"minecraft:mob_kills":21,"minecraft:interact_with_crafting_table":31,"minecraft:bell_ring":2,"minecraft:interact_with_stonecutter":1,"minecraft:leave_game":1,"minecraft:time_since_death":80334,"minecraft:sleep_in_bed":8,"minecraft:time_since_rest":1009,"minecraft:sprint_one_cm":747464,"minecraft:walk_one_cm":307970,"minecraft:damage_taken":494,"minecraft:drop":67,"minecraft:damage_dealt":2344,"minecraft:swim_one_cm":7070,"minecraft:fly_one_cm":317868,"minecraft:open_chest":30,"minecraft:crouch_one_cm":2599,"minecraft:play_time":98061,"minecraft:deaths":1,"minecraft:sneak_time":588,"minecraft:walk_under_water_one_cm":148,"minecraft:boat_one_cm":40815,"minecraft:jump":1295,"minecraft:walk_on_water_one_cm":13567,"minecraft:total_world_time":98061,"minecraft:fall_one_cm":16919},"minecraft:crafted":{"biomesoplenty:fir_wood":3,"minecraft:wooden_sword":1,"minecraft:magenta_bed":1,"minecraft:stone_shovel":1,"variantvanillablocks:spruce_crafting_table":1,"minecraft:spruce_planks":320,"minecraft:wooden_pickaxe":1,"minecraft:baked_potato":13,"minecraft:spruce_door":3,"minecraft:furnace":1,"minecraft:stone_axe":1,"biomesoplenty:fir_planks":16,"minecraft:stick":16,"minecraft:stone_pickaxe":1,"minecraft:wooden_axe":2,"minecraft:stone_sword":1,"minecraft:white_bed":1,"minecraft:spruce_boat":1,"minecraft:torch":16,"minecraft:magenta_dye":4},"minecraft:killed":{"minecraft:sheep":5,"aquaculture:minnow":2,"minecraft:zombie":1,"born_in_chaos_v1:corpse_fly":1,"minecraft:chicken":1,"born_in_chaos_v1:corpse_fish":8,"aquaculture:carp":1,"minecraft:cow":2},"minecraft:dropped":{"minecraft:bread":1,"minecraft:coal":17,"minecraft:potato":19,"some_assembly_required:sandwich":6,"minecraft:spruce_planks":46,"minecraft:wooden_axe":1},"minecraft:broken":{"minecraft:wooden_axe":2}},"DataVersion":3465}