{"stats":{"minecraft:killed":{"minecraft:chicken":2,"born_in_chaos_v1:corpse_fish":15,"aquaculture:carp":1,"minecraft:sheep":6,"aquaculture:minnow":2,"minecraft:zombie":1,"born_in_chaos_v1:corpse_fly":1,"minecraft:cow":3},"minecraft:crafted":{"minecraft:wooden_sword":1,"minecraft:oak_planks":4,"minecraft:stone_shovel":1,"minecraft:cooked_chicken":2,"minecraft:furnace":1,"connectedglass:borderless_glass":8,"minecraft:glass":33,"minecraft:stone_pickaxe":1,"minecraft:spruce_boat":1,"quark:spruce_chest":1,"minecraft:stone_hoe":1,"minecraft:magenta_dye":4,"minecraft:cooked_beef":9,"biomesoplenty:fir_wood":3,"minecraft:magenta_bed":1,"variantvanillablocks:spruce_crafting_table":1,"minecraft:spruce_planks":320,"travelersbackpack:backpack_tank":4,"minecraft:wooden_pickaxe":1,"minecraft:baked_potato":13,"minecraft:spruce_door":3,"minecraft:stone_axe":1,"biomesoplenty:fir_planks":16,"minecraft:stick":20,"quark:oak_chest":1,"minecraft:iron_ingot":11,"minecraft:wooden_axe":2,"minecraft:stone_sword":1,"minecraft:white_bed":1,"minecraft:torch":24},"minecraft:used":{"minecraft:stone_sword":76,"minecraft:armor_stand":2,"minecraft:stone_shovel":93,"minecraft:decorated_pot":1,"minecraft:spruce_planks":237,"minecraft:stone_hoe":26,"minecraft:torch":33,"minecraft:dirt":121,"minecraft:mutton":4,"minecraft:spruce_boat":1,"variantvanillablocks:spruce_crafting_table":6,"minecraft:wooden_axe":108,"minecraft:sweet_berries":19,"quark:hollow_spruce_log":1,"minecraft:furnace":1,"minecraft:cooked_beef":2,"minecraft:potato":33,"minecraft:pumpkin":1,"minecraft:spruce_door":2,"minecraft:stone_pickaxe":28,"minecraft:wooden_pickaxe":34,"farmersdelight:onion":19,"minecraft:sand":4,"minecraft:magenta_bed":5,"some_assembly_required:sandwich":8,"minecraft:bread":26,"minecraft:stone_axe":61,"minecraft:wooden_sword":31,"born_in_chaos_v1:rotten_fish":1},"minecraft:dropped":{"minecraft:bread":1,"minecraft:iron_helmet":1,"minecraft:coal":17,"minecraft:wooden_axe":1,"minecraft:potato":19,"some_assembly_required:sandwich":6,"minecraft:spruce_planks":46,"minecraft:stone_pickaxe":1},"minecraft:custom":{"minecraft:mob_kills":31,"minecraft:interact_with_crafting_table":62,"minecraft:bell_ring":2,"minecraft:leave_game":5,"minecraft:time_since_death":47654,"minecraft:sprint_one_cm":1281329,"minecraft:walk_one_cm":486772,"minecraft:drop":69,"minecraft:play_time":170357,"minecraft:deaths":2,"minecraft:sneak_time":1135,"minecraft:walk_under_water_one_cm":8085,"minecraft:boat_one_cm":66682,"minecraft:jump":2462,"minecraft:walk_on_water_one_cm":41920,"minecraft:total_world_time":170357,"minecraft:interact_with_furnace":23,"minecraft:interact_with_stonecutter":1,"minecraft:sleep_in_bed":14,"minecraft:time_since_rest":8507,"minecraft:damage_taken":962,"minecraft:damage_dealt":3399,"minecraft:swim_one_cm":20879,"minecraft:fly_one_cm":636236,"minecraft:open_chest":88,"minecraft:crouch_one_cm":2896,"minecraft:fall_one_cm":35568},"minecraft:mined":{"minecraft:spruce_planks":14,"minecraft:allium":2,"minecraft:grass_block":108,"minecraft:decorated_pot":1,"minecraft:large_fern":2,"farmersdelight:wild_onions":13,"minecraft:stripped_spruce_log":1,"minecraft:pumpkin":1,"minecraft:azure_bluet":3,"minecraft:red_tulip":1,"minecraft:potatoes":2,"variantvanillablocks:spruce_crafting_table":5,"minecraft:stone":30,"minecraft:lily_of_the_valley":3,"minecraft:dandelion":2,"minecraft:clay":12,"minecraft:torch":3,"minecraft:rose_bush":13,"minecraft:stone_slab":2,"biomesoplenty:sprout":40,"minecraft:wall_torch":7,"minecraft:spruce_stairs":2,"farmersdelight:sandy_shrub":1,"minecraft:sweet_berry_bush":1,"minecraft:magenta_bed":3,"minecraft:lilac":11,"minecraft:spruce_log":94,"biomesoplenty:fir_log":6,"minecraft:grass":45,"minecraft:oak_log":1,"minecraft:coal_ore":9,"minecraft:sunflower":7,"minecraft:sand":16,"minecraft:dirt":28,"minecraft:oak_leaves":13,"quark:hollow_spruce_log":2},"minecraft:broken":{"minecraft:wooden_axe":2},"minecraft:picked_up":{"minecraft:wooden_axe":1,"minecraft:iron_chestplate":1,"minecraft:allium":99,"minecraft:azure_bluet":2,"minecraft:clay_ball":48,"minecraft:chicken":4,"quark:hollow_spruce_log":3,"minecraft:stone_slab":2,"minecraft:raw_copper":2,"variantvanillablocks:spruce_crafting_table":6,"minecraft:armor_stand":2,"minecraft:spruce_planks":40,"minecraft:beef":5,"minecraft:rose_bush":12,"minecraft:egg":2,"minecraft:dark_oak_sapling":1,"minecraft:stick":21,"minecraft:sandstone":1,"minecraft:torch":9,"minecraft:spruce_stairs":2,"minecraft:rotten_flesh":1,"minecraft:decorated_pot":1,"farmersdelight:onion":12,"minecraft:red_tulip":1,"aquaculture:carp":1,"minecraft:gold_ingot":2,"minecraft:mutton":7,"minecraft:white_wool":5,"minecraft:cobblestone":28,"born_in_chaos_v1:corpse_maggot":2,"minecraft:feather":2,"minecraft:lilac":10,"minecraft:leather":6,"minecraft:potato":23,"biomesoplenty:fir_log":6,"minecraft:oak_log":1,"minecraft:magenta_bed":4,"smarter_mobs:spider_web":1,"minecraft:dirt":148,"minecraft:bone":16,"minecraft:wheat_seeds":11,"minecraft:stone_pickaxe":1,"aquaculture:minnow":2,"minecraft:pumpkin":1,"minecraft:sweet_berries":30,"minecraft:dandelion":2,"minecraft:sand":37,"minecraft:stripped_spruce_log":1,"minecraft:spruce_sapling":27,"minecraft:spruce_log":93,"minecraft:lily_of_the_valley":2,"born_in_chaos_v1:fire_dust":3,"minecraft:iron_helmet":2,"minecraft:bone_meal":5,"minecraft:bread":1,"born_in_chaos_v1:rotten_fish":10,"minecraft:black_wool":1,"minecraft:coal":122,"minecraft:sunflower":7},"minecraft:killed_by":{"born_in_chaos_v1:corpse_fly":1,"born_in_chaos_v1:dread_hound":1}},"DataVersion":3465}